Status,Curricular_units_2nd_sem_approved,Curricular_units_2nd_sem_grade,Curricular_units_1st_sem_approved,Curricular_units_1st_sem_grade,Age_at_enrollment,Curricular_units_2nd_sem_enrolled,Curricular_units_1st_sem_enrolled,Admission_grade,Curricular_units_2nd_sem_evaluations,Previous_qualification_grade,Curricular_units_2nd_sem_without_evaluations
0,0,0.0,0,0.0,20,0,0,127.3,0,122.0,0
1,6,13.666666666666666,6,14.0,19,6,6,142.5,6,160.0,0
0,0,0.0,0,0.0,19,6,6,124.8,0,122.0,0
1,5,12.4,6,13.428571428571429,20,6,6,119.6,10,122.0,0
1,6,13.0,5,12.333333333333334,45,6,6,141.5,6,100.0,0
1,5,11.5,5,11.857142857142858,50,5,5,114.8,17,133.1,5
1,8,14.345,7,13.3,18,8,7,128.4,8,142.0,0
0,0,0.0,0,0.0,22,5,5,113.1,5,119.0,0
1,6,14.142857142857142,6,13.875,21,6,6,129.3,7,137.0,0
0,2,13.5,5,11.4,18,6,6,123.0,14,138.0,0
1,5,14.2,6,12.333333333333334,18,6,6,130.6,7,139.0,0
1,7,13.214285714285714,7,13.214285714285714,18,8,8,119.3,8,136.0,0
0,0,0.0,0,0.0,19,6,6,130.2,0,133.0,0
1,5,11.0,6,10.571428571428571,21,6,6,111.8,8,110.0,0
1,5,12.0,4,13.25,18,5,5,137.1,5,149.0,0
0,0,0.0,5,13.2,20,6,6,120.7,7,127.0,0
1,8,14.545,7,13.30625,18,8,7,127.3,8,135.0,0
1,4,12.25,4,12.5,20,5,5,136.3,8,137.0,2
1,0,0.0,0,0.0,21,0,0,120.3,0,122.0,0
1,7,12.857142857142858,7,12.857142857142858,18,8,8,125.5,12,142.0,0
1,6,12.285714285714286,6,13.375,19,6,6,114.9,7,125.0,0
1,7,14.114285714285714,6,13.296666666666669,19,8,7,123.9,9,126.0,0
1,6,13.285714285714286,6,11.375,21,6,6,116.4,9,115.0,0
1,5,12.333333333333334,5,12.0,20,5,5,122.1,6,135.0,0
1,4,13.4,6,12.833333333333334,20,6,6,130.0,9,125.0,0
1,6,14.375,6,12.666666666666666,19,6,6,134.5,8,138.0,0
1,5,13.428571428571429,5,12.4,34,5,5,131.4,9,130.0,0
0,1,10.0,0,0.0,37,7,7,102.5,7,130.0,0
0,0,0.0,0,0.0,43,5,5,128.8,0,133.1,0
0,2,12.0,1,10.0,55,5,5,122.9,8,140.0,2
1,5,11.6,5,11.0,39,5,5,113.9,5,120.0,0
0,3,12.0,3,11.666666666666666,20,6,6,120.0,11,120.0,0
0,0,0.0,4,12.75,18,5,6,121.1,5,126.0,0
1,5,15.8,5,14.8,22,5,5,120.4,5,133.0,0
1,7,14.342857142857142,5,13.928,22,8,7,100.6,9,103.0,0
0,5,13.8,4,13.0,20,6,6,121.4,7,120.0,0
0,0,0.0,0,0.0,29,5,5,109.7,0,133.1,0
1,5,13.2,6,11.666666666666666,18,6,6,127.6,8,130.0,0
1,7,13.771428571428572,6,13.516666666666666,22,8,7,132.4,9,132.0,0
1,6,13.285714285714286,6,11.5,21,6,6,133.4,7,130.0,0
1,6,12.833333333333334,5,12.333333333333334,19,6,6,126.1,7,139.0,0
1,6,14.166666666666666,6,13.666666666666666,24,6,6,113.5,6,130.0,0
1,5,15.8,5,14.714285714285714,19,5,5,159.3,5,167.0,0
0,5,11.0,5,10.6,27,5,5,120.0,10,130.0,0
1,8,13.595,7,13.044444444444444,18,8,7,129.1,10,130.0,0
0,0,0.0,0,0.0,39,6,6,130.0,6,130.0,0
0,10,12.9,5,13.0,27,11,6,155.3,13,129.0,0
1,8,14.935,8,14.935,18,8,8,139.8,8,141.0,0
1,7,12.221428571428572,6,13.133333333333333,18,8,7,114.9,12,125.0,0
1,6,12.0,6,12.0,21,6,6,131.9,7,130.0,0
0,5,11.0,5,11.9,29,8,7,126.0,10,133.1,0
1,0,0.0,0,0.0,19,0,0,128.2,0,139.0,0
1,6,12.428571428571429,6,12.571428571428571,23,6,6,130.0,7,130.0,0
0,4,10.75,5,11.2,19,5,5,120.1,10,125.0,3
1,8,13.75,7,11.975,24,8,7,130.8,8,150.0,0
0,0,0.0,0,0.0,19,0,0,135.8,0,141.0,0
0,1,12.0,3,11.666666666666666,18,6,6,111.7,12,118.0,0
1,3,12.333333333333334,6,12.333333333333334,18,6,6,132.9,11,142.0,0
0,3,10.857142857142858,3,10.333333333333334,18,5,5,115.5,11,120.0,0
0,1,11.0,4,10.5,21,6,6,106.0,11,106.0,0
1,6,13.333333333333334,6,13.666666666666666,19,6,6,120.3,6,121.0,0
1,8,15.055555555555555,7,14.842857142857142,22,8,7,130.8,9,150.0,0
1,6,11.666666666666666,6,12.0,33,6,6,117.0,6,120.0,0
0,5,12.2,5,12.2,20,6,6,110.2,7,114.0,0
0,0,0.0,0,0.0,35,5,1,155.7,0,140.0,0
0,10,13.3,6,12.166666666666666,24,12,12,180.4,14,160.0,0
1,5,11.0,6,11.0,33,6,6,110.0,11,130.0,0
1,7,13.08,7,13.08,22,8,8,161.0,8,160.0,0
1,5,11.6,4,10.5,25,5,5,100.0,7,120.0,0
1,5,11.2,6,10.666666666666666,20,6,6,117.6,6,124.0,0
0,0,0.0,0,0.0,24,7,7,100.8,7,133.1,0
1,6,13.5,6,14.0,21,6,6,105.0,6,133.1,0
0,0,0.0,2,12.0,26,6,6,100.0,6,133.1,0
0,0,0.0,3,12.666666666666666,39,6,6,115.5,14,133.1,1
1,6,12.333333333333334,8,11.875,44,6,8,114.0,7,133.1,0
1,6,13.333333333333334,6,13.666666666666666,18,6,6,124.9,6,135.0,0
1,8,14.47777777777778,7,13.75,18,8,7,120.3,9,132.0,0
0,0,0.0,4,11.96,19,7,7,111.5,7,115.0,0
0,5,13.4,8,12.875,21,9,10,128.8,14,130.0,0
1,0,0.0,0,0.0,20,0,0,110.0,0,133.1,0
0,0,0.0,0,0.0,36,6,6,113.5,0,130.0,0
1,13,14.23076923076923,18,14.63157894736842,43,13,18,160.0,14,133.1,1
0,0,0.0,0,0.0,19,6,6,117.4,0,123.0,0
1,11,12.272727272727272,10,13.0,20,11,10,122.2,11,130.0,0
0,0,0.0,0,0.0,19,6,6,118.2,0,122.0,0
0,4,13.25,4,14.2,20,6,6,106.7,17,113.0,0
0,5,12.3,6,13.266666666666666,20,7,7,108.2,10,111.0,0
1,6,15.0,6,13.857142857142858,18,6,6,136.1,6,142.0,0
1,5,12.8,5,13.4,19,5,5,139.8,5,131.0,0
1,6,12.571428571428571,6,12.666666666666666,18,6,6,157.0,7,158.0,0
0,6,12.516666666666666,6,12.516666666666666,18,7,7,131.0,7,122.0,1
1,5,11.4,5,13.142857142857142,18,5,5,137.0,6,140.0,0
1,5,14.0,5,12.6,18,5,5,121.8,5,127.0,0
0,2,11.0,3,11.0,21,6,6,131.0,12,133.1,0
1,4,11.25,5,10.8,19,5,5,118.6,9,120.0,2
0,0,0.0,0,0.0,19,0,0,122.3,0,137.0,0
1,5,14.2,5,12.8,19,5,5,127.9,5,131.0,0
1,6,12.2,6,14.166666666666666,19,6,6,121.3,13,130.0,0
0,0,0.0,5,12.1,19,7,7,117.1,0,122.0,0
1,5,13.77777777777778,6,14.166666666666666,20,6,6,160.0,17,160.0,0
1,6,13.666666666666666,6,13.0,18,6,6,122.6,6,131.0,0
1,8,15.011111111111113,7,13.467142857142855,19,8,7,128.0,9,132.0,0
0,7,13.742857142857144,7,13.2375,18,8,7,124.9,9,138.0,0
1,6,13.0,6,12.333333333333334,18,6,6,123.7,6,130.0,0
1,5,14.6,5,12.4,19,5,5,120.1,5,126.0,0
0,0,0.0,5,14.0,19,7,7,131.7,7,148.0,0
1,7,11.714285714285714,9,11.666666666666666,20,7,9,133.2,8,130.0,0
0,4,12.5,5,12.0,19,6,6,109.3,9,117.0,0
1,4,11.5,4,12.2,20,5,5,113.0,5,120.0,0
1,6,14.833333333333334,6,14.833333333333334,18,6,6,157.9,6,153.0,0
1,8,17.5875,7,17.125,18,8,7,174.7,8,178.0,0
1,6,12.666666666666666,6,12.666666666666666,19,7,7,128.8,7,129.0,0
1,5,12.0,6,12.666666666666666,19,6,6,110.1,10,116.0,0
1,6,11.5,6,11.333333333333334,19,6,6,121.0,6,135.0,0
1,8,12.33125,7,13.605,19,8,7,131.7,11,141.0,0
1,5,10.8,5,12.0,19,6,6,119.1,9,132.0,0
0,0,0.0,0,0.0,19,5,5,124.7,10,132.0,0
0,3,11.666666666666666,5,11.2,20,6,6,117.2,12,113.0,0
1,5,14.166666666666666,5,13.375,18,5,5,128.8,9,134.0,0
1,7,14.178571428571429,6,13.863333333333337,20,8,7,131.5,9,136.0,0
1,5,13.4,5,12.4,19,5,5,123.4,6,129.0,0
1,5,11.8,6,13.333333333333334,18,6,6,132.8,8,137.0,0
0,3,10.0,3,12.666666666666666,21,6,6,108.7,12,115.0,0
0,4,11.5,6,12.0,19,6,6,138.1,10,129.0,0
1,5,11.8,5,10.6,18,5,5,126.5,5,131.0,0
1,6,11.857142857142858,6,12.25,18,6,6,127.4,7,133.0,0
1,6,11.833333333333334,4,11.0,20,6,6,123.6,9,125.0,0
1,5,12.6,5,11.0,24,6,6,122.0,9,120.0,0
0,6,13.0,6,13.166666666666666,19,6,6,118.2,9,128.0,0
1,7,12.761111111111113,7,12.855555555555554,18,8,7,123.9,12,127.0,0
1,8,15.355,7,14.91875,18,8,7,125.8,8,134.0,0
0,3,11.0,4,11.5,21,6,6,123.3,10,132.0,0
1,5,14.2,5,14.2,19,5,5,124.4,5,124.0,0
1,6,13.0,6,12.5,19,6,6,126.0,7,133.1,0
1,4,11.0,5,11.666666666666666,19,6,6,121.5,12,125.0,0
1,7,14.257142857142856,7,14.257142857142856,29,8,8,130.0,8,130.0,0
0,2,11.333333333333334,3,12.0,21,6,6,117.0,12,125.0,0
1,8,13.5625,7,12.457142857142856,20,8,7,108.0,8,133.1,0
1,6,11.683333333333332,6,11.683333333333332,19,7,7,132.3,7,131.0,0
1,5,12.0,3,11.666666666666666,26,6,6,148.0,8,150.0,0
0,6,13.166666666666666,4,11.75,20,6,6,122.6,6,125.0,0
1,5,12.0,5,13.2,27,6,6,102.5,10,130.0,0
0,4,11.95,4,11.95,20,7,7,113.3,8,123.0,0
0,5,10.4,5,12.4,18,6,6,133.0,12,141.0,0
0,6,14.583333333333334,6,14.35,33,8,7,140.0,10,140.0,0
1,19,12.789473684210526,21,12.61904761904762,35,19,21,128.3,19,140.0,0
0,0,0.0,5,12.0,27,6,6,104.0,6,133.1,0
0,0,0.0,6,12.166666666666666,19,6,6,122.3,6,131.0,0
0,0,0.0,0,0.0,20,6,6,135.0,0,143.0,0
0,3,10.571428571428571,3,10.0,20,5,5,119.1,9,132.0,0
1,6,13.05,6,13.05,18,7,7,129.0,7,141.0,0
0,0,0.0,2,11.0,24,6,6,162.3,6,133.1,0
1,6,12.0,6,11.5,20,6,6,163.4,6,148.0,0
1,6,12.5,6,12.0,21,6,6,121.5,6,125.0,0
0,0,0.0,0,0.0,24,5,5,118.0,5,140.0,0
0,0,0.0,0,0.0,21,6,6,134.0,0,139.0,0
1,7,12.242857142857144,7,12.242857142857144,18,8,8,129.8,8,142.0,0
0,0,0.0,0,0.0,27,5,5,152.0,0,130.0,0
1,8,12.93375,8,12.93375,18,8,8,122.8,8,126.0,0
0,0,0.0,0,0.0,35,5,5,150.0,0,150.0,0
1,7,14.428571428571429,7,12.571428571428571,18,7,7,131.8,8,130.0,0
1,4,14.333333333333334,4,13.75,19,5,5,132.1,13,138.0,2
1,6,11.333333333333334,6,11.166666666666666,20,6,6,127.4,6,127.0,0
1,7,12.324285714285711,7,12.324285714285711,18,8,8,129.5,8,140.0,0
1,6,11.714285714285714,6,12.166666666666666,21,6,6,126.7,7,130.0,0
1,4,11.25,5,11.142857142857142,18,6,6,116.5,11,128.0,0
1,4,10.75,4,11.0,18,6,6,119.1,9,132.0,0
1,7,12.914285714285713,7,12.914285714285713,18,8,8,126.5,8,149.0,0
1,6,14.166666666666666,6,13.833333333333334,18,6,6,149.8,6,155.0,0
1,5,13.4,6,13.857142857142858,19,6,6,115.1,9,120.0,0
0,5,12.8,6,13.714285714285714,36,6,6,124.5,6,133.1,0
1,7,12.642857142857142,7,12.642857142857142,18,8,8,128.3,8,131.0,0
1,6,12.916666666666666,6,12.916666666666666,18,7,7,136.0,7,149.0,0
1,6,15.857142857142858,6,15.625,20,6,6,140.0,8,140.0,0
0,0,0.0,0,0.0,26,5,5,126.3,8,133.1,0
1,6,12.0,6,11.714285714285714,21,6,6,126.9,7,122.0,0
1,5,11.6,5,11.6,19,5,5,115.8,5,121.0,0
0,0,0.0,1,10.0,24,6,6,100.0,6,120.0,6
0,0,0.0,1,10.0,27,6,6,102.5,13,133.1,0
0,2,13.5,0,0.0,21,5,5,131.5,9,121.0,0
1,3,12.333333333333334,4,13.0,18,5,5,147.0,8,133.0,0
1,6,14.5,6,13.333333333333334,19,6,6,122.5,6,134.0,0
0,2,12.5,4,11.25,18,6,6,117.5,13,115.0,0
1,7,12.19285714285714,5,13.85,19,8,7,150.0,9,127.0,0
1,7,14.9125,6,13.741666666666667,19,8,7,127.5,9,135.0,0
1,5,15.8,6,15.333333333333334,33,5,6,140.0,5,140.0,0
1,5,13.8,5,11.0,45,5,5,130.0,5,130.0,0
1,6,12.857142857142858,6,12.0,20,6,6,133.3,7,135.0,0
0,0,0.0,0,0.0,28,5,5,97.0,5,140.0,0
1,7,11.571428571428571,7,11.571428571428571,19,8,8,112.0,15,120.0,0
1,3,12.666666666666666,6,12.857142857142858,18,6,6,123.6,6,140.0,0
0,0,0.0,0,0.0,38,6,6,130.5,0,133.1,0
1,5,13.2,5,13.0,19,5,5,133.3,5,135.0,0
1,5,12.0,5,11.0,21,6,6,132.1,8,123.0,0
0,1,15.0,3,12.0,21,5,5,100.0,12,133.1,3
1,6,13.0,5,12.6,22,6,6,140.4,6,154.0,0
1,6,13.166666666666666,5,13.4,18,6,6,141.7,7,148.0,0
1,6,11.571428571428571,6,11.333333333333334,18,6,6,119.7,9,133.0,0
0,4,14.25,4,13.5,25,5,5,122.5,10,126.0,0
0,3,10.333333333333334,3,11.75,24,6,6,140.0,14,133.1,0
1,5,13.6,5,11.6,20,5,5,119.1,5,118.0,0
0,0,0.0,0,0.0,25,5,5,122.7,9,120.0,0
1,10,12.363636363636363,9,12.9,20,10,10,117.9,12,127.0,0
1,8,13.22,8,13.22,23,8,8,130.0,8,130.0,0
1,7,13.151428571428571,7,13.151428571428571,19,8,8,120.0,8,129.0,0
0,3,11.333333333333334,3,12.75,29,6,6,130.0,8,130.0,0
1,4,12.25,6,11.333333333333334,21,6,6,116.8,8,121.0,0
1,5,14.142857142857142,6,13.25,18,6,6,123.4,13,136.0,0
0,6,12.833333333333334,6,15.0,18,6,6,127.2,6,131.0,0
1,5,13.0,5,14.4,19,5,5,103.4,6,122.0,0
1,5,10.8,5,12.4,18,5,5,124.1,6,136.0,0
0,0,0.0,1,16.0,37,7,7,99.5,12,133.1,0
1,5,12.333333333333334,5,13.571428571428571,29,5,5,124.9,14,127.0,3
1,5,12.666666666666666,5,11.666666666666666,19,6,6,118.9,9,121.0,0
0,2,13.0,6,11.833333333333334,22,7,10,118.8,8,124.0,0
1,5,10.6,6,11.166666666666666,20,6,6,137.0,10,131.0,0
0,0,0.0,0,0.0,34,6,6,100.0,0,100.0,0
0,6,12.166666666666666,8,11.75,30,12,12,120.0,19,130.0,2
1,6,14.0,6,14.0,18,6,6,122.8,7,135.0,0
1,6,12.0,6,12.833333333333334,18,6,6,121.6,6,130.0,0
1,3,11.666666666666666,4,12.25,18,6,6,149.2,10,146.0,0
1,7,14.828571428571427,7,14.828571428571427,18,8,8,140.0,8,146.0,0
1,5,12.8,5,11.4,19,6,6,133.4,8,154.0,0
1,6,12.5,6,13.0,19,6,6,126.2,8,137.0,0
1,7,13.671428571428573,7,13.671428571428573,18,8,8,127.8,8,151.0,0
1,5,12.8,6,12.666666666666666,21,6,6,150.0,8,150.0,0
0,1,13.0,2,10.0,20,5,5,113.7,12,121.0,0
1,5,12.333333333333334,5,13.5,20,5,5,117.8,8,122.0,0
1,8,13.55,7,12.67,19,8,7,136.7,8,143.0,0
1,6,15.428571428571429,6,14.5,20,6,6,144.7,7,152.0,0
1,8,15.3875,7,13.685714285714283,18,8,7,139.8,8,145.0,0
0,3,10.666666666666666,5,11.0,20,6,6,113.7,10,120.0,0
0,5,13.2,7,11.555555555555555,29,7,9,140.0,12,140.0,2
1,7,13.812857142857142,7,14.00375,20,8,7,119.6,11,129.0,0
1,4,11.4,4,12.0,22,5,5,123.7,8,139.0,2
1,6,14.166666666666666,5,14.166666666666666,47,6,6,143.0,7,133.1,0
1,5,13.8,5,14.0,31,5,5,100.1,5,127.0,0
1,6,12.833333333333334,5,13.8,21,6,6,119.4,6,126.0,0
1,6,11.857142857142858,5,12.8,21,6,6,122.1,10,128.0,0
1,6,13.833333333333334,6,12.166666666666666,24,6,6,100.0,6,100.0,0
1,4,11.5,4,12.0,32,6,6,101.0,12,170.0,0
1,6,11.5,6,10.833333333333334,19,6,6,111.8,9,117.0,0
1,8,13.385,8,13.385,24,8,8,140.0,8,140.0,0
1,6,14.5,6,15.666666666666666,19,6,6,124.4,9,123.0,0
1,6,13.833333333333334,6,14.333333333333334,19,6,6,150.0,7,150.0,0
1,6,11.666666666666666,6,11.666666666666666,18,6,6,116.0,8,123.0,0
0,2,11.333333333333334,5,12.0,19,6,6,135.6,10,130.0,0
1,7,14.725714285714288,7,14.725714285714288,19,8,8,121.0,8,137.0,0
1,6,13.666666666666666,6,14.166666666666666,18,6,6,118.7,6,126.0,0
1,6,12.333333333333334,6,11.571428571428571,18,6,6,125.7,8,125.0,0
1,8,13.1375,7,12.5,20,8,7,107.1,8,112.0,0
1,8,12.86,8,12.86,18,8,8,125.5,10,141.0,2
1,6,13.714285714285714,6,12.25,18,6,6,127.0,9,135.0,0
1,5,12.2,4,12.0,21,5,5,113.5,5,117.0,0
1,8,16.168888888888887,7,15.116666666666667,18,8,7,154.4,9,160.0,0
0,4,10.25,2,12.5,18,5,5,122.0,6,136.0,0
0,0,0.0,0,0.0,19,6,6,128.0,0,143.0,0
1,4,14.6,6,11.875,18,6,6,117.2,11,120.0,0
0,0,0.0,1,11.0,34,5,5,150.0,5,150.0,0
1,5,13.2,5,15.2,19,5,5,155.3,6,142.0,0
0,2,11.0,5,11.6,19,6,6,120.0,12,120.0,0
1,6,15.142857142857142,6,14.833333333333334,26,6,6,116.1,7,160.0,0
0,3,11.333333333333334,3,11.333333333333334,21,6,6,118.9,10,133.1,0
1,5,11.8,5,11.2,18,5,5,127.3,5,142.0,0
1,5,13.666666666666666,5,13.4,20,6,6,113.7,9,121.0,0
0,0,0.0,2,10.5,25,5,5,118.5,5,135.0,0
1,5,16.4,5,16.2,18,5,5,146.7,5,153.0,0
1,8,14.88181818181818,7,14.542857142857144,18,8,7,124.3,11,140.0,0
1,8,14.355555555555554,7,13.694285714285714,19,8,7,137.8,9,152.0,0
1,6,11.857142857142858,6,11.285714285714286,18,6,6,130.2,10,120.0,0
0,0,0.0,0,0.0,26,6,3,150.0,0,150.0,0
1,7,13.058571428571428,7,13.058571428571428,19,8,8,100.0,8,100.0,0
1,8,14.055555555555555,7,14.3,19,8,7,155.6,9,150.0,0
1,8,12.0,5,11.8,19,10,10,117.4,14,124.0,0
1,3,11.666666666666666,6,10.571428571428571,18,6,6,117.5,11,121.0,0
1,6,13.333333333333334,6,13.333333333333334,19,7,7,120.4,7,134.0,0
1,5,11.0,6,11.857142857142858,18,6,6,130.9,9,134.0,0
0,0,0.0,0,0.0,26,5,5,151.0,5,151.0,0
1,6,13.0,6,12.0,20,6,6,103.5,7,107.0,0
1,6,11.666666666666666,6,12.666666666666666,19,6,6,119.4,6,126.0,0
1,6,13.666666666666666,6,12.166666666666666,18,6,6,134.4,9,133.0,0
1,6,14.666666666666666,6,13.333333333333334,19,6,6,143.0,6,140.0,0
1,7,14.571428571428571,7,15.0,40,7,7,110.0,7,110.0,0
1,8,13.39125,8,13.39125,18,8,8,132.5,8,141.0,0
1,6,12.428571428571429,5,12.166666666666666,19,6,6,114.7,8,122.0,0
1,4,12.5,4,11.25,18,5,5,166.9,6,156.0,0
0,0,0.0,0,0.0,18,0,0,178.3,0,188.0,0
1,6,12.857142857142858,6,12.833333333333334,33,6,6,117.0,8,120.0,0
1,6,13.1,6,14.0,35,6,6,150.0,11,130.0,0
1,6,12.5,6,13.5,18,6,6,135.1,8,140.0,0
1,5,11.666666666666666,5,11.0,39,5,5,136.2,9,133.1,0
1,6,13.833333333333334,6,13.0,44,6,6,116.0,6,120.0,0
0,4,11.5,4,12.6,24,6,6,116.3,6,117.0,0
1,6,13.333333333333334,6,13.666666666666666,20,6,6,134.0,6,123.0,0
0,0,0.0,0,0.0,19,0,0,124.2,0,127.0,0
1,6,14.2,6,14.2,18,7,7,134.5,7,151.0,0
0,0,0.0,5,11.0,22,6,6,120.7,12,127.0,0
1,6,16.428571428571427,6,15.0,18,6,6,127.1,7,133.0,0
1,7,13.44285714285714,6,12.585714285714284,24,8,7,133.0,9,133.1,0
0,0,0.0,0,0.0,33,5,5,128.2,0,133.1,0
0,0,0.0,0,0.0,26,6,6,172.0,0,160.0,0
1,6,11.833333333333334,6,11.666666666666666,18,6,6,128.5,10,140.0,0
0,2,10.0,3,12.666666666666666,19,6,6,128.5,12,146.0,0
1,7,13.714285714285714,8,13.5,22,9,11,142.5,16,140.0,0
1,6,15.75,6,16.153846153846153,21,6,6,106.0,10,133.1,0
1,6,14.033333333333331,6,14.033333333333331,21,7,7,125.5,7,136.0,0
1,6,13.666666666666666,7,13.857142857142858,19,7,7,112.9,8,122.0,0
0,7,13.414285714285716,7,13.414285714285716,18,8,8,124.8,8,138.0,0
1,7,13.571428571428571,11,13.545454545454543,50,7,11,140.9,7,160.0,0
1,6,14.428571428571429,6,13.833333333333334,19,6,6,148.4,7,161.0,0
1,5,12.857142857142858,5,12.0,35,5,5,129.7,9,140.0,0
0,0,0.0,0,0.0,31,6,6,128.2,0,133.1,0
0,0,0.0,0,0.0,34,5,5,119.9,0,130.0,0
1,8,15.287499999999998,7,15.135714285714286,18,8,7,141.0,8,152.0,0
0,6,10.978571428571428,5,12.74,26,8,7,140.0,12,133.1,0
1,6,13.166666666666666,6,13.428571428571429,19,6,6,117.0,6,125.0,0
1,8,11.11111111111111,9,12.555555555555555,20,9,11,140.2,14,140.0,0
1,6,11.166666666666666,6,11.5,19,6,6,129.3,7,124.0,0
1,6,12.333333333333334,6,13.666666666666666,18,6,6,145.3,9,140.0,0
1,10,12.0,11,11.272727272727272,28,11,14,146.2,16,130.0,0
1,6,14.166666666666666,6,14.666666666666666,21,6,6,156.1,6,160.0,0
0,5,11.4,5,13.0,18,6,6,128.4,8,141.0,0
0,2,12.333333333333334,2,10.5,20,5,5,115.0,8,120.0,0
1,6,14.0,6,14.857142857142858,18,6,6,158.7,7,166.0,0
1,7,12.86,7,12.86,19,8,8,124.5,11,147.0,0
1,11,12.0,11,11.727272727272728,20,11,11,111.9,14,121.0,0
1,3,12.0,6,13.142857142857142,22,6,6,150.0,10,150.0,0
0,4,13.714285714285714,5,11.8,18,6,6,114.2,9,124.0,0
0,0,0.0,3,10.666666666666666,19,5,5,96.0,9,96.0,3
1,7,14.731428571428571,7,14.731428571428571,19,8,8,131.3,8,142.0,0
1,0,0.0,0,0.0,18,0,0,137.1,0,135.0,0
1,12,14.25,13,13.615384615384617,21,12,13,120.0,12,120.0,0
1,5,14.8,5,15.8,27,5,5,139.0,5,140.0,0
1,6,14.571428571428571,6,14.666666666666666,19,6,6,129.1,7,135.0,0
0,0,0.0,0,0.0,25,5,5,128.2,5,133.1,0
1,7,14.654285714285717,7,14.654285714285717,18,8,8,120.8,8,137.0,0
1,7,12.401428571428571,7,12.401428571428571,24,8,8,135.8,8,122.0,0
1,7,14.071428571428571,7,11.5875,20,8,7,118.9,9,128.0,0
1,5,15.6,5,14.0,26,5,5,140.0,5,140.0,0
1,6,11.833333333333334,6,12.333333333333334,20,6,6,127.1,6,132.0,0
1,5,15.4,5,14.0,18,5,5,137.0,6,131.0,0
1,6,12.375,6,15.23076923076923,19,6,6,127.4,10,126.0,0
0,3,11.0,5,11.6,23,6,6,97.0,9,133.1,0
1,6,11.6,6,11.6,18,7,7,126.3,7,136.0,0
0,0,0.0,0,0.0,18,8,7,127.5,0,140.0,0
1,8,13.094444444444443,7,12.901428571428571,19,8,7,126.6,9,135.0,0
1,5,14.8,7,14.142857142857142,30,5,7,120.0,5,160.0,0
0,0,0.0,0,0.0,29,6,6,140.0,0,140.0,0
1,8,13.25375,8,13.25375,19,8,8,131.5,8,140.0,0
1,8,14.1,7,13.785714285714286,20,8,7,112.2,8,115.0,0
1,6,13.916666666666666,6,13.916666666666666,20,7,7,150.5,7,144.0,0
1,6,13.571428571428571,6,13.5,19,6,6,121.0,9,128.0,0
0,0,0.0,0,0.0,21,5,5,129.4,12,135.0,4
1,4,14.6,5,11.5,19,6,6,114.4,9,121.0,0
1,7,12.082857142857142,7,12.082857142857142,18,8,8,120.3,8,134.0,0
1,5,12.8,6,11.833333333333334,27,6,6,120.0,10,120.0,0
1,5,12.4,5,13.4,19,5,5,114.5,5,125.0,0
0,0,0.0,0,0.0,19,7,7,127.8,7,141.0,2
1,6,14.571428571428571,5,14.2,19,6,6,124.6,7,140.0,0
1,7,13.814285714285717,7,13.814285714285717,18,8,8,130.3,8,144.0,0
1,6,13.666666666666666,6,14.5,18,6,6,118.8,8,130.0,0
0,0,0.0,0,0.0,19,6,6,133.0,0,133.1,0
1,6,11.3,6,11.3,36,7,7,129.0,7,133.1,0
1,7,12.3,7,12.3,19,8,8,132.5,9,136.0,0
1,7,12.694285714285714,7,12.694285714285714,18,8,8,120.3,8,127.0,0
1,4,11.0,4,11.0,18,5,5,114.6,5,123.0,0
1,6,14.166666666666666,6,13.0,19,6,6,116.5,6,128.0,0
1,8,16.05,7,14.4125,19,8,7,127.8,8,128.0,0
0,8,14.0625,7,12.92875,18,8,7,129.9,8,140.0,0
1,5,12.8,6,13.333333333333334,20,6,6,118.9,10,121.0,0
1,7,14.402857142857142,7,14.402857142857142,20,8,8,114.8,8,126.0,0
1,7,13.381428571428572,7,13.381428571428572,18,8,8,123.0,8,135.0,0
1,8,13.98375,7,14.13125,18,8,7,122.1,8,131.0,0
1,5,12.6,5,11.714285714285714,19,5,5,123.7,6,140.0,0
1,2,11.0,6,11.166666666666666,44,6,6,114.8,15,130.0,1
0,0,0.0,0,0.0,32,6,6,130.0,6,130.0,0
0,5,12.0,5,13.6,22,6,6,122.3,8,140.0,0
1,11,14.090909090909092,12,13.846153846153848,36,12,12,152.4,18,130.0,0
1,6,13.333333333333334,6,12.5,18,6,6,120.1,8,125.0,0
1,5,14.6,5,16.4,20,5,5,155.1,5,160.0,0
1,11,13.454545454545457,11,13.818181818181818,20,11,11,124.5,11,130.0,0
1,4,10.5,5,10.6,19,6,6,126.9,11,144.0,0
1,5,12.2,5,10.2,24,5,5,153.2,6,133.1,0
0,5,10.8,9,11.444444444444445,27,11,10,135.0,11,133.1,0
1,13,13.266666666666667,16,13.0,23,13,16,125.2,15,129.0,0
1,8,13.31,8,13.31,18,8,8,141.3,9,144.0,1
1,5,12.2,5,10.571428571428571,18,6,6,117.1,9,120.0,0
1,7,13.487142857142857,7,13.487142857142857,20,8,8,126.5,8,144.0,0
1,6,11.833333333333334,6,12.333333333333334,20,6,6,120.1,7,132.0,0
0,5,12.833333333333334,6,11.875,23,6,6,128.4,9,142.0,0
1,6,13.966666666666669,6,13.966666666666669,20,7,7,140.0,7,136.0,0
0,0,0.0,0,0.0,28,5,5,110.0,10,133.1,0
1,5,12.8,4,11.5,21,5,5,116.8,5,122.0,0
0,0,0.0,2,12.5,21,7,2,104.5,0,133.1,0
0,0,0.0,0,0.0,28,8,7,140.0,0,140.0,0
1,7,13.225,6,11.98,18,8,7,113.2,11,117.0,0
1,8,14.0375,6,11.614285714285714,19,8,7,123.8,8,136.0,0
1,7,14.314285714285717,7,14.314285714285717,18,8,8,126.7,8,141.0,0
0,0,0.0,0,0.0,19,8,7,133.8,0,130.0,0
1,7,12.128571428571428,6,12.766666666666666,20,8,7,100.6,10,102.0,0
1,5,12.2,6,12.666666666666666,18,6,6,132.7,7,126.0,0
0,4,10.571428571428571,6,11.5,20,6,6,106.6,10,125.0,0
0,4,11.75,5,11.4,31,6,6,140.4,14,120.0,0
1,8,14.4775,7,14.70625,19,8,7,128.3,8,132.0,0
1,7,13.542857142857144,6,11.814285714285717,19,8,7,118.6,8,128.0,0
1,6,11.875,6,13.0,23,6,6,123.4,8,115.0,0
1,6,13.333333333333334,6,14.857142857142858,19,6,6,124.0,6,125.0,0
1,6,12.6,6,12.6,20,7,7,121.3,7,137.0,0
0,1,11.0,2,11.5,27,5,5,130.0,5,130.0,0
0,0,0.0,1,10.0,29,7,7,120.0,0,100.0,0
1,5,12.2,5,11.8,18,6,6,130.4,10,122.0,0
1,6,12.666666666666666,5,11.8,18,6,6,118.7,6,126.0,0
1,8,12.77125,8,12.77125,18,8,8,131.5,8,128.0,0
1,5,14.6,6,12.666666666666666,18,6,6,129.1,7,128.0,0
0,0,0.0,1,12.0,28,4,5,130.0,10,130.0,4
1,7,11.721428571428572,7,11.721428571428572,18,8,8,132.8,12,135.0,0
1,6,13.666666666666666,6,12.666666666666666,18,6,6,133.5,6,138.0,0
0,5,14.0,4,13.0,18,5,5,146.2,6,150.0,0
0,0,0.0,0,0.0,21,5,5,115.2,5,125.0,0
0,0,0.0,0,0.0,32,5,5,101.8,10,120.0,0
1,4,11.75,4,12.5,28,5,5,100.0,7,140.0,0
0,0,0.0,0,0.0,40,5,4,121.9,0,100.0,0
0,0,0.0,0,0.0,39,4,5,120.4,4,140.0,0
0,0,0.0,0,0.0,39,6,6,120.4,0,140.0,0
1,5,12.4,6,12.5,50,6,6,148.8,15,120.0,0
0,3,11.666666666666666,5,12.8,23,6,6,123.0,9,138.0,0
0,1,11.0,1,10.0,48,6,6,100.0,11,133.1,0
0,5,10.2,4,11.25,23,6,6,112.1,10,118.0,0
1,7,12.61,7,12.61,18,8,8,126.8,8,135.0,0
1,5,12.6,2,12.0,18,5,5,115.9,6,130.0,0
1,6,13.5,5,13.0,20,6,6,132.5,7,150.0,0
1,5,13.0,4,12.0,18,5,5,132.2,8,149.0,0
0,0,0.0,4,12.0,18,8,7,183.5,8,180.0,0
0,1,11.0,1,12.0,31,5,5,136.0,9,133.1,4
1,0,0.0,0,0.0,24,0,0,114.5,0,145.0,0
0,0,0.0,0,0.0,26,5,5,110.3,9,110.0,0
0,4,11.75,5,13.625,18,6,6,137.2,9,154.0,0
0,0,0.0,0,0.0,22,6,6,121.8,0,133.0,0
1,7,11.69,7,11.69,18,8,8,127.3,8,145.0,0
0,0,0.0,0,0.0,20,6,6,120.0,12,120.0,12
1,0,0.0,0,0.0,25,0,0,150.0,0,150.0,0
1,5,11.285714285714286,4,11.5,24,5,5,100.0,11,150.0,0
0,0,0.0,1,14.0,27,5,5,150.0,0,150.0,0
1,5,12.4,5,11.0,21,6,6,116.9,7,127.0,0
1,6,13.166666666666666,6,12.857142857142858,21,6,6,140.0,6,140.0,0
0,6,11.333333333333334,4,12.5,19,6,6,122.1,6,128.0,0
1,8,15.018181818181818,7,14.528571428571428,28,8,7,160.0,11,127.0,0
1,6,12.625,6,13.0,21,6,6,150.0,10,150.0,0
1,8,15.188888888888888,7,15.957142857142856,18,8,7,144.9,9,154.0,0
1,5,11.0,5,13.25,19,5,5,116.3,8,125.0,0
0,3,12.0,3,12.0,19,5,5,122.5,10,126.0,0
0,4,13.75,4,13.0,25,6,6,115.0,9,133.1,0
0,3,13.666666666666666,9,11.77777777777778,21,8,11,115.0,11,115.0,0
0,0,0.0,2,11.0,19,6,5,119.8,10,117.0,0
0,0,0.0,0,0.0,20,5,5,95.0,5,133.1,0
0,6,10.857142857142858,14,12.428571428571429,25,9,14,150.0,13,150.0,0
1,0,0.0,0,0.0,18,0,0,144.2,0,161.0,0
1,8,12.5075,8,12.5075,23,8,8,128.2,8,111.0,0
1,11,12.0,11,12.090909090909092,21,12,12,135.3,14,140.0,0
0,2,11.333333333333334,1,10.0,25,5,5,140.7,8,139.0,0
1,5,13.2,6,13.5,18,6,6,130.4,9,132.0,0
1,6,13.625,6,14.166666666666666,22,6,6,123.2,8,119.0,0
1,6,14.714285714285714,6,14.0,27,6,6,118.0,7,133.1,0
0,0,0.0,0,0.0,25,3,3,120.0,5,133.1,0
0,3,11.333333333333334,3,11.666666666666666,18,5,5,118.9,10,129.0,4
1,5,14.2,5,14.6,20,5,5,117.2,5,128.0,0
1,5,11.5,5,13.0,27,6,6,120.0,13,120.0,0
1,6,12.0,6,12.166666666666666,20,6,6,118.1,9,130.0,0
0,1,12.0,0,0.0,22,5,5,124.8,5,130.0,0
0,3,10.8,3,10.5,19,5,5,106.5,11,111.0,0
1,0,0.0,0,0.0,19,0,0,109.3,0,117.0,0
0,0,0.0,0,0.0,29,5,5,120.0,8,133.1,1
1,7,13.828571428571427,7,13.828571428571427,19,8,8,137.5,8,149.0,0
1,6,11.666666666666666,6,11.5,20,6,6,120.4,6,134.0,0
1,6,13.625,4,13.5,20,6,6,136.7,8,136.0,0
0,0,0.0,0,0.0,31,6,6,118.5,0,133.1,0
1,7,12.614285714285714,7,12.5375,18,8,7,133.0,9,141.0,0
1,4,12.8,4,12.0,18,5,5,133.0,9,148.0,0
1,5,11.6,5,11.8,19,6,6,102.0,8,102.0,0
1,5,15.2,5,15.0,18,5,5,133.9,5,143.0,0
1,5,13.2,3,12.0,19,5,5,127.0,7,120.0,0
1,6,12.285714285714286,6,12.833333333333334,18,6,6,120.4,7,121.0,0
1,3,12.0,6,11.666666666666666,19,6,6,124.5,14,122.0,0
1,8,13.825,7,12.1625,19,8,7,123.9,8,122.0,0
1,6,14.555555555555555,6,13.833333333333334,18,6,6,117.8,11,123.0,0
1,6,13.571428571428571,6,12.125,20,6,6,110.0,7,110.0,0
0,11,11.545454545454543,11,11.454545454545457,29,13,15,141.0,16,120.0,0
0,3,10.0,4,12.0,20,6,6,111.5,14,133.1,0
0,5,12.6,6,12.666666666666666,31,7,7,140.0,9,143.0,0
1,6,13.77777777777778,6,12.666666666666666,20,6,6,134.3,9,149.0,0
1,13,11.461538461538462,18,11.88888888888889,21,13,18,125.3,13,133.0,0
0,0,0.0,0,0.0,23,6,6,140.0,0,140.0,0
0,4,11.6,4,13.0,21,6,6,119.6,8,122.0,0
1,8,15.744444444444444,7,16.885714285714283,24,8,7,170.0,9,170.0,0
1,6,12.333333333333334,6,12.5,27,6,6,150.5,6,120.0,0
1,8,15.8125,7,13.055555555555555,18,8,7,128.0,8,143.0,0
0,0,0.0,0,0.0,21,0,0,108.7,0,115.0,0
0,0,0.0,0,0.0,19,5,5,121.6,5,123.0,0
1,7,12.355714285714283,7,12.355714285714283,19,8,8,125.3,8,131.0,0
0,0,0.0,0,0.0,18,6,6,117.6,0,127.0,0
1,7,12.571428571428571,7,13.857142857142858,20,7,7,106.1,8,112.0,0
1,6,14.166666666666666,5,13.0,24,6,6,139.9,6,150.0,0
1,6,11.166666666666666,6,12.833333333333334,20,6,6,110.8,10,116.0,0
1,7,12.357142857142858,7,12.357142857142858,19,8,8,117.8,8,130.0,0
1,7,13.857142857142858,7,13.857142857142858,18,8,8,127.5,8,144.0,0
1,6,10.666666666666666,6,12.333333333333334,20,6,6,129.7,6,105.0,0
1,8,13.788888888888888,7,12.847142857142858,20,8,7,130.6,10,143.0,0
1,8,13.01875,6,12.339999999999998,19,8,7,126.3,9,137.0,0
1,6,12.5,6,13.833333333333334,20,6,6,105.0,6,133.1,0
0,2,10.0,2,10.75,19,5,5,114.6,11,116.0,0
0,4,10.25,4,13.25,19,6,6,114.6,10,117.0,0
1,8,13.73125,8,13.73125,18,8,8,131.0,8,137.0,0
0,3,12.666666666666666,6,13.333333333333334,23,6,6,109.0,8,116.0,0
0,5,10.8,5,12.0,21,6,6,132.0,9,133.1,0
1,6,11.333333333333334,9,10.88888888888889,23,8,9,130.0,10,130.0,0
1,8,13.811111111111112,7,13.025,19,8,7,109.5,9,106.0,0
1,6,14.166666666666666,6,13.0,18,6,6,115.9,6,125.0,0
1,5,12.0,5,11.8,19,6,6,131.6,10,134.0,0
1,7,12.042857142857144,7,12.042857142857144,25,8,8,120.0,8,133.1,0
1,8,15.5,7,12.8375,19,8,7,136.4,8,136.0,0
1,7,11.7,7,11.0,24,8,7,120.0,13,120.0,0
1,5,14.0,6,13.5,18,6,6,132.6,9,135.0,0
1,6,12.714285714285714,6,12.125,19,6,6,112.9,7,122.0,0
1,7,12.62857142857143,7,12.62857142857143,18,8,8,134.3,12,147.0,0
1,5,11.6,5,11.2,19,6,6,117.2,13,121.0,0
0,6,11.833333333333334,6,12.666666666666666,18,6,6,129.8,6,135.0,0
0,0,0.0,4,13.5,34,6,6,158.0,6,130.0,6
0,0,0.0,0,0.0,20,6,6,115.0,0,108.0,0
1,5,14.833333333333334,5,12.0,26,5,5,152.4,6,140.0,0
1,8,13.2125,7,12.228571428571428,27,8,7,110.2,10,120.0,0
1,4,10.75,4,11.5,20,5,5,113.5,5,117.0,0
1,6,16.428571428571427,6,15.375,18,6,6,144.4,7,151.0,0
1,7,12.614285714285714,7,12.614285714285714,24,8,8,100.0,11,133.1,0
1,6,11.5,5,12.2,19,6,6,126.3,6,130.0,0
1,4,11.0,4,11.75,19,6,6,115.9,10,125.0,0
1,11,11.454545454545457,13,10.923076923076923,22,13,16,112.3,13,121.0,0
1,5,12.4,5,12.4,20,6,6,127.0,9,141.0,0
0,0,0.0,0,0.0,25,6,6,120.0,6,130.0,0
1,6,15.5,6,15.833333333333334,21,6,6,180.0,8,180.0,0
1,6,13.666666666666666,6,12.571428571428571,18,6,6,115.8,6,127.0,0
1,4,13.25,3,12.0,18,5,5,136.5,7,126.0,1
1,8,14.444444444444445,7,13.3625,19,8,7,129.0,9,143.0,0
1,5,16.0,5,15.4,19,5,5,137.6,5,144.0,0
0,4,11.75,5,12.2,18,6,6,129.5,9,126.0,0
1,11,13.545454545454543,11,12.818181818181818,20,11,11,129.1,11,140.0,0
0,0,0.0,0,0.0,19,8,7,130.2,0,148.0,0
1,17,13.554736842105264,17,13.394736842105264,28,17,17,134.3,19,100.0,0
1,6,11.0,6,14.25,20,6,6,138.4,8,151.0,0
0,7,14.714285714285714,9,13.444444444444445,30,7,11,120.0,7,120.0,0
1,8,11.7375,7,12.285714285714286,19,8,7,123.5,10,135.0,0
1,5,13.2,6,11.666666666666666,22,6,6,116.1,7,121.0,0
1,6,13.5,6,12.166666666666666,18,6,6,110.8,6,116.0,0
0,2,11.0,2,10.0,23,6,6,142.8,15,147.0,0
1,6,15.0,6,14.0,18,6,6,155.5,6,160.0,0
0,0,0.0,1,15.0,50,5,6,163.5,12,100.0,0
1,0,0.0,0,0.0,19,0,0,161.9,0,151.0,0
1,6,10.666666666666666,6,10.833333333333334,22,6,6,123.3,6,124.0,0
1,6,14.0,6,13.142857142857142,23,6,6,137.5,6,140.0,0
0,5,14.0,5,14.4,20,5,5,166.6,6,170.0,0
0,0,0.0,0,0.0,44,6,6,103.5,0,133.1,0
1,9,11.22222222222222,7,12.0,49,12,12,110.0,19,133.1,0
1,10,12.8,9,12.2,46,10,10,128.2,12,100.0,0
0,2,11.0,3,12.333333333333334,41,2,3,137.7,2,120.0,0
1,8,12.48125,7,11.8375,18,8,7,128.8,9,133.0,0
1,5,14.0,5,11.8,43,5,5,170.0,6,120.0,0
0,0,0.0,0,0.0,70,5,5,116.4,9,133.1,0
0,0,0.0,0,0.0,48,6,6,100.9,0,133.1,0
1,13,12.384615384615383,19,12.68421052631579,41,13,19,136.0,13,133.1,0
0,0,0.0,3,11.25,35,7,7,100.0,7,100.0,0
1,4,15.5,4,14.0,44,5,5,157.0,9,133.1,2
0,2,13.5,4,13.333333333333334,18,5,5,152.1,6,143.0,0
1,6,13.666666666666666,6,13.666666666666666,45,6,6,162.9,6,165.0,0
1,6,11.714285714285714,5,12.6,22,6,6,140.0,11,140.0,0
0,1,17.0,3,17.333333333333332,39,5,5,146.5,11,140.0,0
0,3,13.666666666666666,3,14.0,49,5,5,128.0,8,133.1,0
0,1,12.5,4,13.875,43,1,4,190.0,1,190.0,0
0,0,0.0,0,0.0,32,5,5,133.2,5,120.0,0
1,7,14.857142857142858,9,13.11111111111111,47,7,9,124.3,7,100.0,0
0,4,13.333333333333334,5,13.0,37,5,5,138.1,11,120.0,2
1,7,12.142857142857142,10,12.5,41,7,10,144.3,7,133.1,0
1,13,14.23076923076923,18,14.11111111111111,60,13,18,140.0,13,150.0,0
1,9,15.77777777777778,11,14.727272727272728,47,9,11,148.3,9,120.0,0
0,0,0.0,0,0.0,50,5,6,96.0,6,133.1,0
0,0,0.0,0,0.0,45,5,5,121.7,5,133.1,0
0,0,0.0,0,0.0,45,5,5,160.0,5,100.0,0
1,5,11.6,4,13.5,33,5,5,110.3,6,133.1,0
1,7,13.105714285714283,7,13.105714285714283,18,8,8,129.0,8,143.0,0
1,5,14.4,5,13.5,43,5,5,150.0,5,120.0,0
1,11,12.0,13,11.846153846153848,44,11,13,100.0,11,161.0,0
0,0,0.0,0,0.0,29,5,5,107.5,5,133.1,0
0,0,0.0,3,14.333333333333334,53,6,6,170.0,6,140.0,0
0,3,12.0,6,12.666666666666666,35,9,10,140.0,11,133.1,2
1,0,0.0,0,0.0,22,0,0,170.0,0,156.0,0
0,0,0.0,1,11.0,33,6,6,115.5,0,140.0,0
0,0,0.0,0,0.0,41,5,5,130.0,9,130.0,3
1,8,16.575,7,15.2,51,8,7,140.0,8,140.0,0
1,7,14.375,6,14.428571428571429,19,7,6,126.6,8,140.0,0
0,0,0.0,0,0.0,35,5,5,143.2,5,133.1,0
1,0,0.0,0,0.0,20,0,0,131.4,0,131.0,0
0,3,12.0,5,12.166666666666666,18,6,6,118.3,15,120.0,0
1,5,11.666666666666666,5,12.142857142857142,21,6,6,140.0,11,140.0,0
1,5,11.6,6,12.0,21,6,6,124.7,8,132.0,0
1,4,12.75,3,11.666666666666666,34,5,5,140.0,7,130.0,0
0,0,0.0,0,0.0,34,6,6,150.0,6,140.0,0
1,5,12.0,6,11.875,21,6,6,115.6,8,110.0,0
0,3,11.333333333333334,2,10.0,30,6,6,123.4,15,130.0,0
0,5,13.0,6,13.833333333333334,20,6,7,117.1,7,158.0,0
0,0,0.0,0,0.0,18,6,6,113.9,0,124.0,0
1,6,12.5,6,14.428571428571429,19,6,6,128.7,6,136.0,0
0,6,12.4,5,14.2,18,7,7,132.9,9,142.0,0
0,3,10.333333333333334,4,11.5,27,5,5,123.0,9,150.0,0
1,6,15.0,5,13.0,52,6,6,129.8,6,120.0,0
0,0,0.0,0,0.0,29,6,6,156.1,8,149.0,0
0,2,11.0,3,11.333333333333334,22,6,6,120.0,13,130.0,0
1,12,11.428571428571429,18,12.5,28,13,18,117.2,26,110.0,6
0,0,0.0,0,0.0,30,5,5,107.0,5,133.1,0
1,8,13.944444444444445,7,13.471428571428572,18,8,7,128.4,9,134.0,0
1,3,13.333333333333334,4,11.75,21,5,5,123.4,5,130.0,0
1,6,14.666666666666666,6,13.333333333333334,20,6,6,126.7,10,141.0,0
1,8,13.105,8,13.105,21,8,8,123.0,8,123.0,0
0,0,0.0,0,0.0,32,5,5,137.2,6,133.1,0
1,6,12.166666666666666,6,15.5,20,6,6,125.9,7,122.0,0
0,0,0.0,0,0.0,19,0,0,138.0,0,132.0,0
0,3,12.333333333333334,4,11.25,18,6,6,128.2,7,133.1,0
0,11,11.363636363636363,12,11.0,23,14,15,126.5,21,130.0,1
1,4,13.0,6,12.333333333333334,20,6,6,112.4,9,111.0,0
1,5,11.8,8,11.375,46,5,9,109.0,11,133.1,0
1,12,12.384615384615383,18,12.22222222222222,27,12,18,100.0,15,125.0,0
1,6,12.0,9,12.0,41,7,9,120.0,8,100.0,0
1,10,13.0,16,14.125,37,11,16,154.0,14,150.0,0
1,7,12.571428571428571,9,12.333333333333334,26,7,9,100.0,7,133.1,0
1,7,13.857142857142858,9,14.333333333333334,54,7,9,162.5,7,133.1,0
1,6,14.0,6,15.166666666666666,21,6,6,134.1,9,132.0,0
1,6,15.142857142857142,6,15.142857142857142,20,6,6,133.0,8,134.0,0
0,0,0.0,0,0.0,18,6,6,119.0,0,126.0,0
1,6,12.166666666666666,6,12.333333333333334,18,6,6,129.4,7,129.0,0
0,3,12.0,6,12.0,22,6,6,140.0,12,140.0,0
1,6,15.625,6,15.0,19,6,6,162.0,8,162.0,0
0,9,12.7,8,13.875,21,11,12,131.6,13,148.0,1
1,6,13.833333333333334,6,12.5,18,6,6,117.4,6,123.0,0
1,6,15.5,6,15.0,18,6,6,137.8,6,150.0,0
0,4,10.5,2,11.666666666666666,20,6,6,106.7,10,113.0,0
1,8,14.63375,7,14.668,18,8,7,156.9,8,152.0,0
1,6,12.333333333333334,5,12.8,20,6,6,124.8,6,130.0,0
1,6,12.142857142857142,6,10.833333333333334,19,6,6,115.1,7,121.0,0
1,5,14.0,6,13.666666666666666,18,6,6,146.7,6,153.0,0
1,7,14.537142857142856,7,14.537142857142856,18,8,8,132.8,8,148.0,0
0,5,14.0,5,14.4,18,5,5,159.1,5,143.0,0
1,0,0.0,0,0.0,20,0,0,137.6,0,147.0,0
1,6,13.833333333333334,6,13.166666666666666,19,6,6,124.0,6,138.0,0
0,0,0.0,2,11.5,36,7,6,149.0,9,120.0,0
1,6,12.428571428571429,6,11.333333333333334,19,6,6,129.6,7,145.0,0
1,5,13.6,6,12.0,18,6,6,110.0,6,118.0,0
1,6,12.166666666666666,6,13.166666666666666,18,6,6,116.1,6,121.0,0
1,6,14.166666666666666,6,14.833333333333334,18,6,6,133.3,6,135.0,0
1,9,13.22222222222222,7,13.0,19,9,7,144.3,9,140.0,0
1,8,12.95,7,13.087142857142856,18,8,7,133.6,8,145.0,0
1,6,13.666666666666666,6,13.333333333333334,19,6,6,123.2,7,133.0,0
0,0,0.0,0,0.0,18,6,6,110.0,0,117.0,0
1,5,12.2,5,13.6,19,5,5,118.0,6,125.0,0
1,6,14.0,6,15.5,18,6,6,128.4,6,141.0,0
1,7,14.285714285714286,7,13.857142857142858,19,7,7,113.6,7,122.0,0
1,6,12.166666666666666,6,13.0,18,6,6,146.9,6,142.0,0
0,0,0.0,0,0.0,20,6,4,129.7,0,143.0,0
0,0,0.0,0,0.0,22,6,6,109.1,0,115.0,0
1,6,13.666666666666666,7,12.142857142857142,18,7,7,107.1,9,112.0,0
1,8,13.627777777777778,7,14.145714285714286,18,8,7,129.2,9,135.0,0
1,8,14.144444444444444,7,14.45,18,8,7,154.1,9,162.0,0
1,7,15.0,7,15.714285714285714,18,7,7,147.2,7,143.0,0
1,6,12.833333333333334,6,14.5,18,6,6,120.8,6,125.0,0
1,6,12.833333333333334,6,12.833333333333334,25,6,6,121.3,6,123.0,0
1,4,11.6,5,12.0,18,5,5,127.0,8,142.0,0
1,0,0.0,0,0.0,19,0,0,151.6,0,147.0,0
1,6,13.285714285714286,6,12.571428571428571,20,6,6,106.0,7,133.1,0
1,6,11.5,6,12.5,21,6,6,111.6,6,114.0,0
1,5,14.0,6,14.0,18,6,6,117.3,9,125.0,0
0,6,13.166666666666666,7,11.571428571428571,18,7,7,121.4,9,127.0,0
1,6,15.333333333333334,6,15.833333333333334,18,6,6,126.1,6,132.0,0
1,8,14.25,8,14.25,18,8,8,137.0,8,148.0,0
0,0,0.0,0,0.0,19,6,6,120.8,0,139.0,0
0,6,11.0,6,11.666666666666666,20,6,6,128.7,10,136.0,0
0,0,0.0,0,0.0,47,5,6,118.0,10,133.1,0
0,1,10.0,2,12.0,31,6,6,160.0,12,130.0,1
0,0,0.0,0,0.0,46,5,5,150.0,5,110.0,0
0,4,10.75,3,13.333333333333334,19,5,5,125.4,9,138.0,0
0,0,0.0,0,0.0,22,5,5,150.0,5,150.0,0
1,5,12.4,5,13.8,19,5,5,114.5,7,125.0,0
0,0,0.0,0,0.0,19,5,5,107.0,5,108.0,0
0,0,0.0,0,0.0,29,5,5,120.0,6,133.1,1
1,6,14.016666666666666,6,14.016666666666666,18,7,7,134.8,7,147.0,0
1,5,10.8,5,11.4,18,6,6,133.6,8,143.0,0
0,0,0.0,0,0.0,23,0,0,129.0,0,115.0,0
1,5,12.0,5,10.4,34,5,5,128.4,11,160.0,0
1,4,10.25,3,10.666666666666666,19,5,5,122.2,9,118.0,0
1,8,14.10625,7,13.914285714285713,20,8,7,129.9,8,143.0,0
1,7,12.82375,7,13.761111111111113,19,8,7,126.2,11,133.0,0
1,6,14.166666666666666,6,13.857142857142858,23,6,6,149.0,6,164.0,0
1,7,13.842857142857143,7,13.842857142857143,34,8,8,120.0,8,133.1,0
0,0,0.0,5,11.8,21,6,6,128.1,9,140.0,0
0,6,13.833333333333334,6,12.666666666666666,22,6,6,141.7,6,127.0,0
0,0,0.0,0,0.0,28,6,6,130.0,6,133.1,0
0,0,0.0,0,0.0,23,5,5,113.3,5,115.0,0
0,2,10.0,4,10.75,20,6,6,105.9,13,108.0,0
0,3,13.25,5,12.6,18,5,5,122.7,9,136.0,0
0,0,0.0,0,0.0,28,5,5,120.0,5,133.1,0
0,7,12.142857142857142,2,12.0,21,9,7,119.8,10,120.0,0
0,2,14.5,3,14.0,25,6,6,122.9,9,133.1,0
0,6,13.5,6,14.0,19,6,6,160.0,11,160.0,0
1,8,15.055555555555555,7,14.682857142857143,18,8,7,125.2,9,128.0,0
0,0,0.0,0,0.0,29,5,3,143.4,0,130.0,0
0,0,0.0,0,0.0,29,5,5,96.7,7,133.1,0
1,5,12.8,6,13.857142857142858,20,6,6,126.9,7,137.0,0
1,0,0.0,0,0.0,18,0,0,143.1,0,163.0,0
1,6,12.5,6,13.142857142857142,20,6,6,114.5,7,125.0,0
0,2,13.0,1,18.0,33,5,5,140.0,9,120.0,0
1,10,11.583333333333334,13,11.461538461538462,30,11,15,113.7,15,150.0,1
1,4,14.5,5,15.0,18,6,6,143.5,8,148.0,0
1,8,12.233333333333333,7,14.244444444444444,19,8,7,126.8,12,138.0,0
0,5,11.0,4,11.5,21,6,6,115.2,7,119.0,0
0,0,0.0,2,10.0,25,7,7,100.0,7,130.0,0
1,5,11.6,3,12.333333333333334,19,5,5,121.4,5,135.0,0
0,7,12.142857142857142,5,12.2,23,9,7,120.0,10,120.0,1
1,5,13.2,6,13.666666666666666,19,6,6,129.9,7,126.0,0
1,0,0.0,0,0.0,19,0,0,151.1,0,149.0,0
0,0,0.0,1,11.0,31,6,6,120.0,10,110.0,0
0,6,11.428571428571429,3,13.0,32,10,6,130.0,14,133.1,0
1,7,12.599999999999998,7,12.599999999999998,19,8,8,119.0,12,127.0,0
1,9,12.333333333333334,10,12.2,34,10,10,122.0,12,120.0,0
1,6,13.0,6,13.166666666666666,21,6,6,129.7,6,136.0,0
1,7,11.0,6,11.0,53,7,7,112.5,9,110.0,0
1,8,15.35,7,14.014285714285714,19,8,7,136.0,8,136.0,0
1,4,11.25,4,13.0,20,6,6,133.1,13,145.0,0
1,6,14.666666666666666,6,14.0,18,6,6,151.3,6,159.0,0
0,0,0.0,0,0.0,32,0,0,133.3,0,147.0,0
1,7,14.428571428571429,7,14.428571428571429,21,8,8,130.8,8,150.0,0
0,0,0.0,0,0.0,26,5,5,140.0,10,140.0,0
1,13,12.461538461538462,18,11.833333333333334,26,13,18,150.0,27,150.0,5
0,1,13.0,3,11.333333333333334,21,5,5,130.0,10,130.0,0
1,6,13.0,6,12.5,18,6,6,125.3,9,120.0,0
1,11,12.545454545454543,12,13.333333333333334,21,12,12,124.0,12,130.0,0
1,6,14.0,6,13.0,19,6,6,124.4,6,128.0,0
0,2,14.0,2,10.0,19,5,5,107.7,11,114.0,0
1,5,11.2,6,11.428571428571429,19,6,6,110.0,11,118.0,0
1,8,12.8875,8,12.8875,27,8,8,130.0,8,130.0,0
1,6,12.95,6,12.95,18,7,7,138.8,7,145.0,0
0,0,0.0,1,10.0,20,5,5,126.3,5,121.0,0
1,8,12.55,7,13.094285714285714,19,8,7,114.5,8,114.0,0
0,0,0.0,0,0.0,20,6,6,116.5,6,127.0,0
1,6,11.0,5,11.714285714285714,19,6,6,128.6,11,145.0,0
0,0,0.0,0,0.0,20,0,0,134.6,0,150.0,0
1,6,13.333333333333334,6,13.166666666666666,18,6,6,146.8,6,145.0,0
1,5,13.4,4,12.75,20,5,5,135.7,5,128.0,0
0,2,11.0,5,10.6,38,5,5,120.0,9,140.0,0
1,6,12.0,5,11.2,42,6,6,138.0,6,130.0,0
0,0,0.0,0,0.0,32,8,7,135.5,0,140.0,0
1,6,13.666666666666666,6,13.0,22,6,6,120.0,6,120.0,0
0,0,0.0,0,0.0,28,5,5,111.7,5,147.0,0
0,0,0.0,0,0.0,37,6,6,100.0,0,133.1,0
1,6,15.0,6,14.166666666666666,43,6,6,160.0,9,160.0,0
1,6,12.333333333333334,5,12.833333333333334,41,6,6,114.8,6,133.1,0
1,5,10.4,4,11.75,29,6,6,131.0,9,140.0,0
1,6,11.5,6,10.833333333333334,35,6,6,97.0,7,133.1,0
0,4,12.25,4,11.75,18,6,6,131.7,8,131.0,0
0,2,10.5,3,11.5,39,7,7,120.0,9,133.1,0
1,6,13.7,6,13.7,26,7,7,133.0,7,130.0,0
0,0,0.0,1,14.0,32,5,5,140.0,12,140.0,4
0,0,0.0,0,0.0,19,6,6,137.0,0,133.1,0
1,7,13.285714285714286,6,13.0,19,7,7,108.0,7,115.0,0
1,8,15.11111111111111,8,13.6,32,8,11,110.0,10,110.0,0
0,2,11.5,3,11.0,31,5,5,127.7,9,140.0,0
1,11,14.333333333333334,12,13.25,20,11,12,140.1,14,145.0,0
0,1,10.0,1,10.75,28,7,7,114.8,10,133.1,0
0,3,11.0,5,11.4,31,6,6,110.0,9,133.1,0
1,5,12.4,6,13.0,19,6,6,105.5,8,110.0,0
1,6,12.285714285714286,6,14.0,19,6,6,127.3,8,128.0,0
0,0,0.0,0,0.0,34,6,6,130.0,0,130.0,0
1,8,16.075,7,15.285714285714286,18,8,7,122.7,8,137.0,0
1,6,12.666666666666666,6,13.166666666666666,18,6,6,113.9,6,123.0,0
1,5,12.833333333333334,5,13.6,19,5,5,151.1,11,156.0,5
0,0,0.0,0,0.0,22,4,4,125.8,8,133.1,0
1,4,11.5,10,11.4,32,9,10,128.2,9,100.0,0
0,0,0.0,0,0.0,61,5,5,135.1,0,140.0,0
1,5,11.6,5,11.0,30,5,5,120.2,5,130.0,0
0,0,0.0,0,0.0,45,5,5,132.8,11,133.1,0
1,6,12.666666666666666,6,13.571428571428571,20,6,6,140.0,6,140.0,0
0,0,0.0,0,0.0,19,8,7,129.3,0,137.0,0
0,4,12.0,4,11.25,26,11,10,108.2,11,120.0,0
0,1,11.0,3,13.333333333333334,19,5,5,125.4,5,125.0,0
1,6,11.666666666666666,6,12.0,19,6,6,140.2,7,130.0,0
1,5,13.0,6,12.5,19,6,6,116.1,7,115.0,0
1,5,12.666666666666666,5,13.2,19,5,5,137.8,6,150.0,0
0,0,0.0,0,0.0,19,4,5,128.4,4,134.0,0
0,2,11.5,3,11.666666666666666,28,5,5,106.0,8,120.0,1
1,14,13.642857142857142,15,13.466666666666669,24,14,15,130.2,14,141.0,0
1,5,13.2,3,13.666666666666666,18,5,5,126.0,5,133.0,0
1,5,10.2,6,11.666666666666666,18,6,6,113.0,12,121.0,0
1,5,12.4,5,13.4,21,6,6,120.0,9,120.0,0
0,0,0.0,0,0.0,28,5,5,130.9,6,148.0,0
0,0,0.0,0,0.0,58,6,6,120.0,6,133.1,0
0,0,0.0,0,0.0,49,5,5,134.1,5,135.0,0
1,4,14.75,4,13.75,25,5,5,114.8,5,130.0,0
0,0,0.0,1,10.0,33,5,5,123.0,5,133.1,0
0,0,0.0,0,0.0,33,5,5,118.0,5,133.1,0
1,4,15.5,1,16.0,40,4,2,100.0,5,110.0,0
1,5,11.125,5,12.285714285714286,48,5,5,151.1,8,170.0,0
1,6,12.666666666666666,6,12.666666666666666,24,7,7,106.0,7,133.1,1
1,4,13.25,5,11.8,23,5,5,127.1,7,139.0,1
0,5,14.666666666666666,5,10.6,39,5,5,155.5,7,133.1,0
1,8,12.25,9,11.9,21,9,11,101.0,14,133.1,0
0,2,10.5,4,11.25,34,5,6,128.2,8,120.0,0
1,6,12.5,6,12.0,18,6,6,122.8,6,134.0,0
0,1,16.0,2,10.0,19,5,5,116.5,8,128.0,0
1,7,13.714285714285714,7,13.714285714285714,19,8,8,142.0,8,154.0,0
1,6,15.8,6,14.875,28,6,6,150.0,12,150.0,0
0,0,0.0,5,10.8,18,6,6,133.3,6,134.0,0
0,2,10.0,3,12.0,19,6,6,115.8,12,127.0,0
0,2,13.5,5,12.5,19,6,6,100.0,19,133.1,0
1,8,16.327272727272728,7,14.728571428571428,18,8,7,128.6,11,130.0,0
1,5,14.8,6,12.0,18,6,6,137.1,8,135.0,0
0,6,11.0,6,11.428571428571429,18,6,6,149.0,7,143.0,0
1,6,13.5,6,14.166666666666666,19,6,6,147.0,6,150.0,0
1,5,14.6,5,12.5,31,6,6,150.0,10,150.0,0
1,6,14.333333333333334,6,14.166666666666666,33,6,6,103.5,6,130.0,0
1,5,13.4,6,12.666666666666666,19,6,6,109.4,8,115.0,0
0,6,13.0,6,12.5,18,6,6,143.6,6,146.0,0
0,0,0.0,0,0.0,18,6,6,124.3,0,132.0,0
0,0,0.0,0,0.0,18,6,6,119.5,0,116.0,0
1,0,0.0,0,0.0,18,0,0,175.6,0,163.0,0
1,3,11.0,5,11.2,19,5,5,116.1,5,122.0,0
0,6,17.428571428571427,6,16.5,18,6,6,126.6,7,136.0,0
1,5,12.0,3,13.666666666666666,18,5,5,130.8,5,142.0,0
1,7,15.228571428571428,7,15.228571428571428,18,8,8,133.5,8,139.0,0
1,9,13.22222222222222,9,12.77777777777778,21,9,9,136.9,9,140.0,0
1,7,14.428571428571429,7,14.428571428571429,18,8,8,142.3,8,165.0,0
1,6,13.714285714285714,6,13.875,18,6,6,114.3,7,122.0,0
1,6,13.193333333333332,7,13.128,18,8,7,122.9,13,135.0,0
1,7,12.4125,6,11.605,20,8,7,117.2,10,128.0,0
1,5,12.0,5,14.6,18,5,5,152.0,8,139.0,0
0,0,0.0,0,0.0,18,6,6,122.2,0,125.0,0
1,5,11.6,5,11.8,20,5,5,101.7,6,102.0,0
1,6,12.333333333333334,6,12.333333333333334,20,6,6,119.9,6,116.0,0
0,0,0.0,4,11.0,19,5,5,123.7,5,138.0,0
1,11,12.909090909090908,11,13.181818181818182,19,11,11,121.8,11,135.0,0
0,0,0.0,1,11.0,18,6,6,106.1,0,110.0,0
1,6,12.285714285714286,6,11.833333333333334,19,6,6,124.3,7,132.0,0
1,8,12.98125,8,12.98125,20,8,8,124.3,8,126.0,0
1,5,11.2,6,11.333333333333334,21,5,7,117.4,6,117.4,0
1,6,11.68,6,11.68,21,8,8,112.7,12,120.0,0
1,6,13.5,6,14.5,20,6,6,123.7,7,116.0,0
1,7,12.857142857142858,7,13.142857142857142,19,7,7,105.8,8,111.0,0
0,2,10.5,2,11.5,21,5,5,124.2,7,128.0,0
1,5,11.8,5,14.2,18,5,5,122.3,7,123.0,0
1,5,12.2,5,11.666666666666666,19,6,6,123.7,7,131.0,0
1,8,14.875,7,13.175,18,8,7,129.8,8,135.0,0
1,7,13.314285714285717,7,13.314285714285717,19,8,8,123.8,8,136.0,0
1,3,10.5,3,10.6,18,5,5,126.4,12,132.0,0
1,6,14.142857142857142,6,13.428571428571429,18,6,6,138.4,7,144.0,0
1,5,15.571428571428571,4,13.25,18,5,5,118.2,8,129.0,0
0,0,0.0,2,13.0,18,6,6,121.7,6,136.0,0
0,0,0.0,0,0.0,18,6,6,119.8,0,125.0,0
1,6,13.166666666666666,6,14.0,18,6,6,164.9,6,154.0,0
1,6,12.833333333333334,2,12.0,20,6,2,100.0,11,100.0,0
1,5,10.4,5,11.8,18,6,6,120.4,7,126.0,1
1,7,12.791428571428572,7,12.791428571428572,20,8,8,117.8,8,124.0,1
1,5,11.2,8,11.625,40,7,8,110.0,12,150.0,0
1,7,12.43142857142857,6,11.994444444444444,18,8,7,128.8,11,133.0,0
1,5,12.2,5,11.6,19,6,6,116.6,12,126.0,0
0,0,0.0,0,0.0,24,5,5,120.0,6,120.0,0
0,6,13.166666666666666,6,13.166666666666666,19,6,6,157.5,7,175.0,0
1,7,14.1,7,14.1,19,8,8,136.3,8,141.0,0
1,7,12.94285714285714,6,12.396666666666668,20,8,7,121.5,9,133.0,0
1,8,16.0875,7,15.014285714285714,18,8,7,133.9,8,143.0,0
1,0,0.0,0,0.0,18,0,0,136.8,0,141.0,0
1,8,15.1,7,14.05,19,8,7,133.5,8,134.0,0
0,8,15.2,7,14.85,18,8,7,130.0,8,138.0,0
1,5,13.0,6,13.0,19,6,6,140.0,19,140.0,0
1,8,15.8625,7,14.7875,19,8,7,132.7,8,142.0,0
1,7,14.671428571428574,7,13.7,19,8,7,117.8,9,118.0,0
0,7,12.242857142857144,7,12.495714285714286,19,8,7,126.1,9,131.0,0
1,6,14.566666666666668,6,14.566666666666668,19,7,7,120.0,7,130.0,0
0,4,11.25,5,11.2,25,5,5,100.0,5,133.1,0
1,7,12.685714285714283,7,12.685714285714283,20,8,8,116.8,8,130.0,0
0,4,13.25,7,13.571428571428571,23,9,9,128.3,14,130.0,0
0,0,0.0,0,0.0,20,6,6,117.0,0,133.1,0
1,6,11.166666666666666,5,11.0,27,6,6,131.5,7,130.0,0
1,8,14.445,8,14.445,18,8,8,134.8,8,149.0,0
0,8,14.625,11,14.0,23,10,12,130.0,11,130.0,0
1,6,13.416666666666666,6,13.416666666666666,19,7,7,127.5,7,145.0,0
1,5,11.4,5,12.333333333333334,18,5,5,123.0,7,130.0,0
1,8,14.8125,7,13.1,20,8,7,100.0,8,128.0,0
1,5,12.8,4,13.2,18,6,6,114.2,10,111.0,0
1,8,14.75,8,14.75,19,8,8,123.5,8,140.0,0
1,6,14.333333333333334,6,13.142857142857142,19,6,6,144.3,6,140.0,0
1,5,14.857142857142858,4,13.75,18,5,5,161.9,8,151.0,0
1,6,13.0,5,12.4,18,6,6,135.9,7,132.0,0
1,6,12.0,6,13.333333333333334,18,6,6,110.1,6,116.0,0
0,8,12.0,11,11.727272727272728,28,8,11,122.5,8,120.0,0
0,1,14.0,4,12.5,19,6,6,138.1,11,158.0,0
0,0,0.0,0,0.0,20,0,0,117.3,0,116.0,0
1,7,13.614285714285714,6,13.533333333333331,19,8,7,106.8,9,112.0,0
1,6,12.666666666666666,6,13.166666666666666,20,6,6,120.1,6,126.0,0
1,5,11.0,5,13.2,19,6,6,116.5,8,120.0,0
1,7,14.857142857142858,7,13.428571428571429,19,7,7,139.7,7,153.0,0
1,6,12.625,6,12.714285714285714,18,6,6,123.7,8,124.0,0
0,0,0.0,0,0.0,19,6,6,116.5,0,127.0,0
1,6,13.666666666666666,6,13.666666666666666,19,6,6,122.2,9,126.0,0
1,6,13.166666666666666,5,11.0,20,6,6,146.0,6,133.1,0
1,5,12.0,4,12.0,18,5,5,123.8,6,130.0,0
0,0,0.0,0,0.0,18,6,6,120.0,0,127.0,0
1,6,11.666666666666666,5,11.0,18,6,6,126.9,6,143.0,0
0,6,11.571428571428571,5,12.0,20,6,6,121.3,8,130.0,0
1,8,12.55,7,13.308571428571428,19,8,7,129.0,10,136.0,0
0,3,10.666666666666666,3,13.666666666666666,21,6,6,114.9,7,125.0,0
0,0,0.0,0,0.0,20,6,6,106.5,9,110.0,0
1,4,11.25,5,12.2,18,6,6,133.9,8,130.0,0
1,6,12.833333333333334,6,12.666666666666666,20,6,6,124.9,6,135.0,0
1,8,14.07125,8,14.07125,19,8,8,128.5,8,133.0,0
0,5,13.2,4,14.25,22,5,5,126.2,9,122.0,4
0,0,0.0,0,0.0,22,2,6,121.7,2,122.0,2
1,5,11.6,2,13.0,19,6,6,120.3,8,128.0,0
0,0,0.0,0,0.0,19,0,0,127.8,0,139.0,0
0,7,14.901428571428571,7,14.901428571428571,20,8,8,123.3,8,124.0,1
1,8,12.445555555555554,7,12.65,18,8,7,126.3,9,135.0,0
0,5,10.6,7,11.0,22,5,12,128.2,5,110.0,0
1,5,12.666666666666666,4,12.4,20,5,5,134.9,9,138.0,0
1,6,12.666666666666666,6,12.0,19,6,6,140.0,7,140.0,0
1,7,13.328571428571427,7,12.135714285714286,19,8,7,115.5,10,126.0,0
1,7,14.051428571428572,6,13.766666666666666,19,8,7,136.6,10,145.0,0
1,8,13.11625,8,13.11625,19,8,8,119.3,8,124.0,0
0,0,0.0,0,0.0,19,6,5,152.0,0,160.0,0
1,7,13.571428571428571,6,12.7,20,8,7,144.3,8,138.0,0
1,6,12.333333333333334,6,12.333333333333334,20,7,7,129.5,7,127.0,0
1,5,13.2,5,13.333333333333334,20,5,5,105.4,6,111.0,0
1,8,13.49375,7,14.355555555555554,21,8,7,136.0,8,100.0,0
1,5,13.0,6,13.0,19,6,6,160.0,11,160.0,0
1,6,13.5,6,12.833333333333334,19,6,6,139.1,6,152.0,0
1,4,13.0,5,13.2,21,5,5,126.9,5,144.0,0
1,8,16.582222222222224,7,17.005555555555556,28,8,7,184.0,9,133.8,0
1,5,11.0,5,10.6,19,6,6,125.0,8,125.0,0
1,5,13.6,5,14.0,18,5,5,138.5,6,150.0,0
1,7,12.114285714285714,7,12.114285714285714,18,8,8,133.5,8,143.0,0
1,8,13.05875,8,13.05875,18,8,8,141.5,8,145.0,0
1,7,13.285714285714286,7,13.285714285714286,22,8,8,130.0,8,120.0,0
1,8,15.1625,7,14.071428571428571,18,8,7,145.0,8,145.0,0
0,0,0.0,0,0.0,20,6,6,114.3,0,122.0,0
0,3,11.0,4,11.25,26,10,9,108.3,12,110.0,0
1,6,13.625,6,14.0,18,6,6,125.2,8,136.0,0
0,3,11.666666666666666,6,12.166666666666666,21,6,6,131.7,11,145.0,0
1,7,13.297142857142855,7,13.297142857142855,18,8,8,126.3,8,141.0,0
1,6,14.25,6,13.923076923076923,20,6,6,147.6,9,149.0,0
1,7,12.833333333333334,7,13.37,18,8,7,125.1,13,130.0,0
0,4,13.75,4,15.0,20,5,5,130.8,5,128.0,0
1,6,12.571428571428571,6,13.333333333333334,18,6,6,154.1,7,152.0,0
1,5,12.2,5,13.4,22,6,6,103.5,9,107.0,0
1,5,11.4,4,11.5,21,5,5,100.0,5,141.0,0
1,7,13.485714285714284,7,13.485714285714284,18,8,8,133.8,8,148.0,0
1,6,11.285714285714286,6,12.0,18,6,6,118.5,8,130.0,0
0,0,0.0,0,0.0,19,0,0,150.3,0,145.0,0
1,7,13.258571428571427,7,13.258571428571427,19,8,8,120.5,11,135.0,0
0,1,10.0,3,11.666666666666666,19,6,6,120.6,15,123.0,0
1,6,12.5,6,13.571428571428571,21,6,6,118.7,6,126.0,0
1,5,11.833333333333334,5,11.8,20,6,6,130.8,9,150.0,0
1,5,13.285714285714286,5,14.2,20,5,5,112.6,7,121.0,0
1,5,11.8,5,11.0,41,5,5,117.2,6,133.1,1
1,7,14.652857142857142,7,14.652857142857142,18,8,8,131.8,8,139.0,0
1,6,11.333333333333334,6,11.333333333333334,35,6,6,97.0,6,160.0,0
0,0,0.0,4,13.7,32,7,7,130.0,7,110.0,0
1,8,14.75,11,13.727272727272728,37,8,11,148.0,8,140.0,0
0,7,11.142857142857142,7,11.75,30,8,7,103.4,12,130.0,0
1,5,13.0,6,12.333333333333334,23,6,6,127.1,11,132.0,0
0,6,13.857142857142858,6,14.0,20,6,6,124.0,7,139.0,0
1,4,11.75,4,11.5,21,5,5,121.4,6,135.0,0
1,5,13.2,5,11.2,19,5,5,118.1,5,117.0,0
1,7,15.07,7,15.07,18,8,8,121.3,8,137.0,0
0,1,12.0,1,10.0,18,5,5,119.5,7,144.0,0
1,4,12.6,4,13.0,22,6,6,130.2,11,140.0,0
0,3,11.25,4,11.0,18,6,6,130.0,7,130.0,0
1,5,12.166666666666666,6,13.571428571428571,18,6,6,126.9,11,130.0,0
1,5,14.2,5,14.6,21,6,6,168.5,6,152.0,0
0,2,10.0,3,11.833333333333334,38,7,7,130.0,14,133.1,0
1,8,12.5125,7,12.625,19,8,7,122.8,11,140.0,0
0,3,12.333333333333334,4,11.5,36,7,7,110.0,14,133.1,0
1,4,10.5,4,13.25,18,5,5,127.1,10,140.0,0
1,6,11.9,7,12.60625,19,8,7,108.5,12,133.1,0
0,5,13.2,8,13.75,21,9,10,138.2,17,140.0,0
1,6,12.285714285714286,5,11.142857142857142,18,6,6,124.5,8,135.0,0
0,1,11.0,1,10.0,20,5,5,132.3,10,140.0,0
1,4,11.5,6,11.666666666666666,18,6,6,120.7,10,128.0,0
1,6,13.142857142857142,6,14.0,18,6,6,132.6,7,141.0,0
0,0,0.0,0,0.0,25,5,5,140.0,9,140.0,3
1,7,12.04142857142857,7,12.04142857142857,19,8,8,124.5,9,139.0,0
1,0,0.0,0,0.0,18,0,0,142.0,0,142.0,0
1,12,14.583333333333334,13,13.76923076923077,39,12,13,130.0,16,130.0,0
1,13,15.307692307692308,18,15.444444444444445,29,13,18,144.0,13,130.0,0
0,0,0.0,2,10.0,23,6,3,140.0,0,140.0,0
0,3,10.333333333333334,4,12.25,21,6,6,113.9,13,120.0,0
1,6,15.166666666666666,6,14.5,18,6,6,137.2,6,147.0,0
1,6,16.375,6,15.571428571428571,23,6,6,140.0,8,140.0,0
1,6,14.714285714285714,6,15.571428571428571,18,6,6,152.3,7,161.0,0
1,6,12.166666666666666,5,13.8,32,6,6,112.5,7,133.1,0
0,2,14.8,3,10.666666666666666,29,5,5,101.0,14,150.0,0
1,4,11.75,5,11.6,20,6,6,112.3,8,113.0,0
0,0,0.0,1,13.0,28,6,6,114.0,12,140.0,0
1,4,13.625,3,12.0,27,5,5,130.0,11,130.0,0
1,12,12.333333333333334,12,12.333333333333334,22,14,14,121.5,14,120.0,2
0,0,0.0,1,11.0,28,6,6,130.0,0,130.0,0
0,4,10.5,4,12.25,43,6,6,125.7,13,120.0,0
0,0,0.0,0,0.0,32,8,7,128.0,8,140.0,7
1,8,13.63,8,13.63,35,8,8,120.0,9,133.1,1
1,4,11.5,3,13.0,21,5,5,117.8,7,130.0,1
1,8,16.37777777777778,7,16.9,18,8,7,169.7,9,176.0,0
1,4,12.0,5,12.0,18,6,6,117.7,11,124.0,0
1,6,13.285714285714286,6,12.5,22,6,6,121.8,7,120.0,0
1,7,12.764285714285714,7,12.764285714285714,19,8,8,128.3,8,140.0,0
1,5,12.166666666666666,5,13.75,18,5,5,132.2,6,143.0,0
0,0,0.0,0,0.0,19,0,0,134.3,0,136.0,0
1,8,15.68333333333333,7,14.604285714285712,18,8,7,123.4,9,132.0,0
0,0,0.0,0,0.0,31,5,5,121.7,7,133.1,0
1,6,12.5,5,13.833333333333334,33,6,6,130.0,7,100.0,0
1,8,13.57625,8,13.57625,19,8,8,126.5,8,137.0,0
1,6,15.833333333333334,6,15.142857142857142,18,6,6,159.7,6,153.0,0
1,5,11.6,3,10.666666666666666,23,5,5,151.3,8,160.0,0
1,6,12.0,5,11.2,20,6,6,138.0,6,145.0,0
1,8,13.76375,8,13.76375,18,8,8,126.5,8,137.0,0
1,5,12.2,5,10.714285714285714,22,6,6,112.3,10,120.0,0
1,6,11.666666666666666,6,12.166666666666666,20,6,6,127.3,7,122.0,0
1,6,14.357142857142858,6,14.357142857142858,23,7,7,130.0,8,130.0,0
1,6,12.666666666666666,6,12.833333333333334,19,6,6,115.0,6,133.1,0
1,7,13.925714285714283,7,13.925714285714283,19,8,8,131.5,8,150.0,0
0,3,11.0,2,12.0,26,5,5,125.7,9,133.1,0
1,8,13.744444444444444,7,13.44285714285714,18,8,7,126.8,9,141.0,0
0,0,0.0,1,16.0,18,5,5,132.4,5,146.0,0
1,6,13.2,6,13.125,20,6,6,150.0,10,150.0,0
0,0,0.0,0,0.0,19,6,6,95.0,6,133.1,0
0,4,11.0,5,11.4,32,4,9,128.2,4,120.0,0
0,3,11.666666666666666,2,11.0,31,5,4,130.0,9,150.0,0
1,5,13.0,5,13.666666666666666,21,6,6,159.9,10,140.0,0
0,1,10.0,4,11.75,31,5,6,100.0,6,140.0,0
0,1,13.0,1,10.0,34,7,7,116.5,7,133.1,0
1,6,12.833333333333334,6,13.5,18,6,6,120.0,9,128.0,0
0,0,0.0,0,0.0,19,6,6,117.0,0,117.0,0
0,5,11.8,3,13.0,18,6,6,118.1,10,124.0,0
1,6,16.0,6,14.833333333333334,20,6,6,153.5,6,158.0,0
1,6,12.857142857142858,6,11.833333333333334,20,6,6,127.9,7,137.0,0
1,5,12.333333333333334,5,12.0,18,6,6,118.8,11,123.0,0
1,6,11.333333333333334,4,12.75,19,6,6,126.7,7,126.0,0
0,1,10.0,0,0.0,30,6,6,110.0,16,133.1,0
1,6,12.857142857142858,6,12.0,19,6,6,115.0,7,115.0,0
1,8,13.8,7,11.677777777777775,19,8,7,119.0,8,132.0,0
1,7,13.6,7,13.6,19,8,8,121.8,8,132.0,0
1,6,15.875,6,16.0,19,6,6,133.4,8,143.0,0
1,6,11.5,5,11.8,20,6,6,131.4,7,137.0,0
0,2,14.0,0,0.0,25,6,5,135.0,7,130.0,0
0,0,0.0,0,0.0,19,6,6,122.8,0,121.0,0
1,6,16.2,6,16.142857142857142,34,6,6,140.0,10,130.0,0
1,7,11.785714285714286,7,11.785714285714286,18,8,8,125.3,8,135.0,0
1,8,13.42375,8,13.42375,18,8,8,126.3,8,137.0,0
1,5,14.166666666666666,6,12.5,20,6,6,100.0,10,100.0,0
1,7,12.464285714285714,7,12.464285714285714,20,8,8,121.3,8,127.0,0
0,0,0.0,1,10.0,28,6,6,120.0,9,140.0,0
1,4,12.4,5,12.6,19,5,5,129.7,6,131.0,0
0,4,12.0,2,10.0,34,5,5,132.1,6,151.0,0
0,0,0.0,0,0.0,35,6,7,120.3,0,130.0,0
1,5,12.333333333333334,5,11.6,32,5,5,120.0,8,120.0,0
1,6,13.5,6,12.166666666666666,19,6,6,123.1,6,136.0,0
1,5,12.666666666666666,4,13.6,18,6,6,119.4,7,125.0,0
0,5,11.8,4,12.5,35,5,5,140.0,8,133.1,0
1,6,12.625,6,11.714285714285714,20,6,6,113.0,8,120.0,0
1,6,13.0,6,13.5,18,6,6,133.9,7,143.0,0
1,7,13.024285714285714,7,13.024285714285714,20,8,8,115.5,8,133.1,0
0,0,0.0,0,0.0,18,6,6,116.5,0,121.0,0
1,5,18.571428571428573,5,17.333333333333332,18,5,5,171.2,8,168.0,0
1,4,11.5,4,11.0,20,5,5,119.1,7,124.0,0
0,6,12.5,6,13.666666666666666,19,7,7,121.1,9,127.0,0
1,6,11.833333333333334,6,12.833333333333334,19,6,6,132.8,8,137.0,0
1,4,11.5,5,12.6,20,6,6,126.7,11,120.0,0
1,7,13.771428571428572,6,14.333333333333334,22,8,7,105.8,9,110.0,0
1,7,14.285714285714286,7,14.285714285714286,19,8,8,140.0,8,143.0,0
0,2,10.0,3,11.75,22,6,6,120.0,12,120.0,0
1,5,17.6,5,14.8,20,5,5,119.5,5,124.0,0
0,0,0.0,0,0.0,34,6,6,153.9,0,168.0,0
0,0,0.0,1,10.0,24,5,6,130.0,5,133.1,0
0,0,0.0,0,0.0,26,5,5,107.0,5,150.0,0
0,5,12.38,4,12.6,35,7,7,132.8,9,140.0,0
1,5,11.8,5,12.428571428571429,22,5,5,127.5,7,145.0,0
0,0,0.0,3,12.333333333333334,19,5,5,122.0,5,123.0,0
0,0,0.0,0,0.0,19,6,6,114.8,0,120.0,0
1,0,0.0,0,0.0,20,0,0,140.0,0,140.0,0
1,8,13.333333333333334,10,12.1,21,8,11,111.0,9,126.0,0
1,6,15.0,6,14.714285714285714,19,6,6,133.2,6,137.0,0
1,6,12.833333333333334,6,12.666666666666666,18,6,6,123.0,7,130.0,0
1,10,13.3,12,14.384615384615383,23,10,12,150.0,12,150.0,0
1,5,12.2,5,13.4,18,5,5,132.3,6,147.0,0
1,7,13.314285714285717,7,13.314285714285717,18,8,8,126.0,8,140.0,0
1,7,11.98857142857143,7,11.98857142857143,19,8,8,119.3,8,132.0,0
1,8,12.88888888888889,11,11.545454545454543,21,9,11,133.8,13,130.0,0
1,6,13.875,6,16.46153846153846,18,6,6,126.5,8,130.0,0
1,6,12.833333333333334,6,13.666666666666666,24,6,6,138.4,6,151.0,0
0,8,13.411111111111111,7,12.65,18,8,7,129.0,9,144.0,0
1,7,14.65,6,14.37,20,8,7,129.8,10,131.0,0
0,3,10.666666666666666,3,12.0,18,6,6,128.3,15,130.0,0
0,3,11.0,4,12.0,19,6,6,130.0,14,130.0,0
1,5,11.2,5,12.6,19,6,6,121.9,7,131.0,0
1,6,12.333333333333334,6,12.166666666666666,18,6,6,129.4,6,135.0,0
1,8,13.76375,8,13.76375,18,8,8,125.5,8,145.0,0
1,6,12.8,6,12.4,19,7,7,117.8,8,118.0,0
1,6,14.333333333333334,6,14.333333333333334,18,7,7,139.0,7,152.0,0
0,0,0.0,1,10.0,19,6,6,137.7,13,137.0,0
1,8,14.622222222222224,7,14.69625,21,8,7,113.6,9,123.0,0
1,8,13.9125,7,12.855555555555556,18,8,7,128.5,8,131.0,0
1,8,13.994444444444444,7,13.7,18,8,7,142.8,9,141.0,0
0,1,12.0,0,0.0,23,5,5,137.7,10,144.0,3
1,8,13.333333333333334,7,13.285714285714286,18,8,7,123.2,9,133.0,0
0,5,11.0,5,11.5,21,6,6,120.0,13,120.0,1
1,7,11.4,7,11.4,19,8,8,119.3,8,130.0,0
1,6,11.333333333333334,6,12.333333333333334,21,6,6,121.0,8,120.0,0
1,4,12.2,5,12.8,18,6,6,139.4,10,138.0,0
1,4,15.0,5,12.0,20,5,5,113.9,8,124.0,1
1,5,13.5,5,13.0,18,6,6,124.6,9,133.0,0
0,6,11.0,6,11.833333333333334,18,6,6,123.8,8,122.0,0
1,6,13.333333333333334,6,14.0,18,6,6,126.3,9,138.0,0
1,6,13.5,6,12.333333333333334,18,6,6,120.4,6,134.0,0
1,6,12.833333333333334,6,12.5,24,6,6,139.9,11,133.1,0
1,0,0.0,0,0.0,19,0,0,133.3,0,142.0,0
1,7,15.657142857142857,7,15.657142857142857,18,8,8,126.0,8,141.0,0
1,6,11.333333333333334,6,12.166666666666666,19,6,6,133.5,6,145.0,0
0,0,0.0,0,0.0,19,6,6,127.9,0,145.0,0
0,0,0.0,4,11.75,26,6,6,102.5,12,140.0,0
0,0,0.0,0,0.0,36,5,5,97.0,5,133.1,0
0,0,0.0,0,0.0,19,0,0,134.7,0,128.0,0
0,0,0.0,0,0.0,27,5,5,113.8,0,120.0,0
0,0,0.0,1,13.0,18,5,5,116.9,5,120.0,0
1,7,13.331428571428573,7,13.331428571428573,18,8,8,124.0,8,139.0,0
0,0,0.0,0,0.0,28,6,6,117.5,0,139.3,0
1,0,0.0,0,0.0,21,0,0,154.8,0,150.0,0
1,6,13.7,6,13.7,19,7,7,141.0,7,138.0,0
0,0,0.0,0,0.0,26,5,5,120.0,5,133.1,5
0,6,13.875,9,13.454545454545457,20,7,9,133.6,9,136.0,0
1,7,12.2,7,12.2,19,8,8,122.0,8,134.0,0
0,4,11.0,3,10.0,21,5,5,120.0,10,140.0,0
1,6,12.857142857142858,5,13.0,23,6,6,114.2,7,110.0,0
1,6,14.0,6,12.0,29,6,6,95.5,6,133.1,0
1,7,15.028571428571428,7,15.028571428571428,20,8,8,120.0,8,129.0,0
1,6,11.714285714285714,6,12.0,18,6,6,111.1,7,116.0,0
1,5,12.4,5,12.0,19,6,6,128.6,8,130.0,0
0,3,11.333333333333334,3,13.666666666666666,23,8,7,130.0,8,130.0,4
0,0,0.0,0,0.0,21,0,0,111.1,0,116.0,0
1,0,0.0,0,0.0,18,0,0,134.4,0,147.0,0
0,0,0.0,1,14.0,21,6,6,131.0,7,117.0,7
0,0,0.0,0,0.0,22,6,6,125.0,7,141.0,0
1,5,12.583333333333334,7,12.375,21,7,7,106.0,11,133.1,0
0,0,0.0,0,0.0,32,8,7,128.0,0,133.1,0
1,13,11.076923076923077,18,11.421052631578949,27,13,18,120.0,16,120.0,1
1,6,13.35,6,13.35,18,7,7,134.8,7,148.0,0
1,2,16.0,6,15.0,24,6,6,112.0,6,130.0,0
0,0,0.0,2,10.5,22,5,5,116.1,5,120.0,0
0,0,0.0,0,0.0,22,4,6,120.0,6,120.0,2
1,5,11.833333333333334,5,13.25,19,5,5,119.7,6,133.0,0
0,0,0.0,0,0.0,19,5,5,117.1,5,129.0,0
1,8,13.88125,8,13.88125,18,8,8,131.0,8,140.0,0
1,5,12.6,6,11.333333333333334,18,6,6,130.9,8,127.0,0
0,0,0.0,0,0.0,20,0,0,134.9,0,131.0,0
1,6,13.666666666666666,6,12.857142857142858,19,6,6,127.1,7,132.0,0
1,6,12.5,5,11.6,19,6,6,110.2,6,113.0,0
1,6,11.333333333333334,5,11.4,18,6,6,108.7,6,115.0,0
1,9,13.77777777777778,7,13.571428571428571,22,9,7,147.7,9,150.0,0
1,7,12.228571428571428,6,11.833333333333334,31,7,7,123.0,8,133.1,0
1,7,14.142857142857142,7,14.428571428571429,19,7,7,142.8,7,141.0,0
1,5,12.4,6,12.285714285714286,18,6,6,125.2,9,136.0,0
1,5,13.8,5,14.4,21,5,5,141.8,5,140.0,0
1,8,15.06875,7,13.15,18,8,7,130.6,9,143.0,0
0,0,0.0,0,0.0,25,5,5,130.0,5,130.0,0
0,0,0.0,0,0.0,21,6,5,100.0,8,133.1,0
1,7,12.342857142857143,7,12.342857142857143,19,8,8,119.0,8,129.0,0
0,1,11.0,4,10.5,22,6,6,122.2,14,118.0,0
1,5,11.6,5,10.6,19,5,5,150.0,8,150.0,0
0,0,0.0,0,0.0,58,6,6,135.5,6,133.1,0
1,6,12.0,4,11.25,19,6,6,127.3,6,122.0,0
1,10,11.7,6,10.5,23,10,9,127.0,10,127.0,0
1,8,14.5125,7,13.457142857142856,18,8,7,127.5,8,131.0,0
1,4,12.333333333333334,5,12.6,20,5,5,122.0,8,130.0,0
0,0,0.0,0,0.0,18,6,6,115.8,0,130.0,0
1,5,13.6,6,13.666666666666666,18,6,6,121.6,8,130.0,0
1,5,11.8,5,11.6,18,5,5,116.4,5,122.0,0
0,5,12.833333333333334,6,12.571428571428571,24,6,6,120.0,10,114.0,0
0,5,11.4,5,11.8,18,6,6,127.3,7,143.0,0
1,6,11.833333333333334,6,11.333333333333334,19,6,6,125.6,6,141.0,0
1,6,11.5,6,10.666666666666666,18,6,6,118.5,6,129.0,0
1,0,0.0,0,0.0,19,0,0,134.6,0,137.0,0
1,4,11.5,6,13.333333333333334,22,6,6,140.0,9,140.0,0
1,6,12.833333333333334,5,13.0,21,6,6,117.9,7,120.0,0
1,7,12.90857142857143,7,12.90857142857143,18,8,8,128.0,11,144.0,0
0,1,10.0,4,12.0,20,6,6,113.2,11,123.0,0
1,6,15.833333333333334,6,15.333333333333334,19,6,6,156.9,9,152.0,0
0,2,14.0,6,13.0,26,6,7,100.0,6,133.1,0
1,6,12.166666666666666,6,12.5,35,6,6,101.0,6,140.0,0
1,6,14.333333333333334,6,13.0,19,6,6,121.5,6,133.0,0
1,5,12.571428571428571,4,11.75,18,5,5,126.8,10,138.0,1
1,4,14.25,4,12.5,19,5,5,132.9,5,142.0,0
1,17,12.055555555555555,17,11.61111111111111,25,17,17,134.3,22,115.0,0
1,6,14.666666666666666,6,14.0,18,6,6,120.5,6,125.0,0
0,0,0.0,0,0.0,26,6,6,144.1,10,170.0,0
1,5,13.833333333333334,5,13.8,34,5,5,100.0,6,140.0,0
0,0,0.0,0,0.0,18,5,5,114.8,5,110.0,0
0,0,0.0,0,0.0,18,0,0,111.9,0,114.0,0
0,3,12.333333333333334,4,12.25,18,5,5,125.4,9,138.0,0
0,3,13.666666666666666,3,11.5,20,6,6,140.0,12,140.0,0
1,9,12.555555555555555,6,12.571428571428571,25,9,7,140.0,9,140.0,0
0,5,12.166666666666666,6,12.0,18,6,6,127.8,10,132.0,0
1,12,12.307692307692308,11,12.0,19,12,12,131.6,21,148.0,0
0,0,0.0,0,0.0,20,0,0,119.4,0,132.0,0
1,6,11.166666666666666,6,12.0,20,6,7,129.9,6,126.0,0
0,0,0.0,0,0.0,19,5,5,113.4,5,120.0,0
0,0,0.0,0,0.0,20,5,5,112.0,0,119.0,0
0,4,12.5,4,10.5,24,6,6,140.0,16,120.0,0
1,6,12.3,5,12.857142857142858,20,6,6,150.0,11,150.0,0
0,1,10.0,2,13.0,23,5,5,150.0,11,140.0,0
1,8,12.75,11,12.454545454545457,21,11,11,116.2,17,116.0,0
0,0,0.0,3,11.0,20,5,5,120.4,6,120.0,0
1,6,14.166666666666666,6,15.5,18,6,6,155.0,6,170.0,0
1,6,13.666666666666666,6,12.333333333333334,18,6,6,123.4,6,123.0,0
1,6,12.285714285714286,6,11.333333333333334,18,6,6,126.2,8,130.0,0
0,0,0.0,0,0.0,19,6,6,120.5,0,117.0,0
1,5,12.6,4,12.0,19,5,5,122.5,9,130.0,0
0,2,11.5,2,12.5,33,5,5,139.2,9,133.0,1
1,11,13.0,12,13.666666666666666,21,11,12,131.2,16,128.0,0
0,0,0.0,2,14.5,25,6,6,120.0,13,133.1,1
0,0,0.0,4,13.2,20,6,6,116.7,8,123.0,0
0,5,14.8,5,12.166666666666666,22,8,7,150.0,14,150.0,0
1,6,11.333333333333334,4,11.25,39,6,6,117.5,6,133.1,0
1,6,14.428571428571429,6,15.166666666666666,21,6,6,137.6,7,140.0,0
1,4,13.4,6,11.166666666666666,19,6,6,124.3,7,126.0,0
1,6,10.983333333333334,6,10.983333333333334,26,7,7,116.0,8,133.1,0
1,5,11.5,4,10.75,19,6,6,121.4,11,121.0,0
1,7,14.285714285714286,11,13.384615384615383,20,9,12,142.8,13,140.0,0
0,0,0.0,0,0.0,24,6,6,125.0,6,131.0,0
1,5,14.833333333333334,4,13.0,20,5,5,126.1,9,124.0,3
1,6,13.5,6,16.11111111111111,29,6,6,155.8,7,120.0,0
1,6,11.0,6,11.5,20,6,6,116.0,8,133.1,0
0,2,10.5,4,10.75,20,6,6,110.0,12,110.0,0
1,5,13.0,4,11.6,24,6,6,97.2,8,133.1,0
0,0,0.0,0,0.0,24,7,7,100.0,7,133.1,0
1,5,14.142857142857142,5,13.8,23,5,5,140.0,7,140.0,0
1,8,14.6875,7,13.585714285714284,20,8,7,128.0,8,130.0,0
1,5,13.0,6,13.857142857142858,19,6,6,115.3,8,110.0,0
1,5,12.6,6,13.444444444444445,20,6,6,160.0,9,160.0,0
1,6,13.857142857142858,6,14.0,18,6,6,133.1,7,138.0,0
0,0,0.0,1,12.0,20,6,6,119.0,0,126.0,0
1,5,13.833333333333334,5,14.2,33,5,5,156.0,6,120.0,0
0,3,12.0,3,11.0,19,6,6,123.1,12,122.0,0
1,0,0.0,0,0.0,19,0,0,136.1,0,134.0,0
1,12,13.0,13,14.0,22,12,13,132.7,13,134.0,0
0,0,0.0,0,0.0,39,8,7,128.2,0,140.0,0
0,0,0.0,0,0.0,22,6,1,126.7,0,127.0,0
1,0,0.0,0,0.0,19,0,0,156.3,0,143.0,0
1,6,14.333333333333334,6,13.5,19,6,6,116.1,6,115.0,0
0,0,0.0,0,0.0,19,8,7,123.8,0,131.0,0
1,17,14.88888888888889,17,13.38888888888889,21,17,17,153.0,18,146.0,0
0,0,0.0,0,0.0,39,8,7,140.0,0,140.0,0
1,11,13.583333333333334,12,13.583333333333334,19,11,12,131.9,12,135.0,0
0,0,0.0,0,0.0,24,5,5,140.0,5,133.1,0
0,0,0.0,1,10.0,27,5,5,115.0,5,120.0,0
1,5,15.2,5,15.2,29,5,5,168.0,5,133.1,0
0,0,0.0,4,12.8,20,6,6,101.3,17,130.0,0
0,4,11.0,5,11.166666666666666,21,5,5,122.6,5,125.0,0
1,7,12.828571428571427,7,12.828571428571427,19,8,8,132.3,9,151.0,0
0,4,12.6,6,12.5,19,6,6,111.7,10,112.0,0
1,3,12.4,3,10.0,28,5,5,98.7,10,120.0,0
1,4,13.25,6,11.5,21,6,6,140.0,10,140.0,0
0,7,11.328571428571427,7,11.328571428571427,23,8,8,140.0,11,140.0,0
1,6,13.033333333333331,6,13.033333333333331,18,7,7,133.8,7,143.0,0
1,4,11.75,6,12.166666666666666,59,6,6,100.0,7,133.1,0
1,5,13.6,5,14.4,18,5,5,130.8,5,136.0,0
0,0,0.0,0,0.0,27,7,7,106.2,14,130.0,0
1,6,12.0,6,12.666666666666666,18,6,6,125.6,6,141.0,0
0,3,11.666666666666666,2,12.0,20,6,6,117.5,14,121.0,0
0,0,0.0,0,0.0,32,5,5,122.5,5,120.0,0
0,4,10.8,3,11.666666666666666,19,5,5,132.9,10,129.0,0
0,0,0.0,0,0.0,41,6,6,103.0,0,133.1,0
0,0,0.0,1,10.0,38,5,5,107.0,10,100.0,0
0,0,0.0,0,0.0,35,6,7,100.0,9,133.1,0
0,3,12.0,4,12.25,27,6,6,100.0,16,133.1,0
1,6,12.5,4,12.0,19,6,6,131.3,6,139.0,0
0,0,0.0,0,0.0,39,5,5,118.4,5,133.1,0
0,0,0.0,0,0.0,37,5,5,100.0,10,100.0,0
0,0,0.0,0,0.0,37,8,8,110.0,8,110.0,1
1,13,12.0,16,12.6875,35,13,16,100.0,13,133.1,0
1,6,10.666666666666666,10,10.4,49,9,13,106.2,18,123.0,0
1,12,10.923076923076923,14,10.466666666666669,52,12,15,110.0,16,110.0,0
1,5,13.0,5,14.333333333333334,18,5,5,122.3,8,130.0,1
1,6,14.333333333333334,6,14.666666666666666,30,6,7,112.5,7,133.1,0
1,8,14.23125,7,12.835714285714284,21,8,7,98.1,8,97.0,0
0,0,0.0,0,0.0,20,5,5,140.2,0,130.0,0
0,0,0.0,0,0.0,19,0,0,134.6,0,150.0,0
1,8,13.24875,8,13.24875,18,8,8,126.8,8,141.0,0
1,5,12.4,3,14.0,22,5,5,113.6,8,116.0,0
1,6,12.166666666666666,6,13.625,19,6,6,126.6,7,135.0,0
1,8,15.61111111111111,7,14.85,18,8,7,130.7,9,144.0,0
1,5,11.4,4,10.75,21,5,5,105.9,6,108.0,0
0,0,0.0,0,0.0,37,6,6,100.0,0,133.1,0
0,0,0.0,0,0.0,38,6,6,120.0,10,133.1,0
0,0,0.0,0,0.0,55,5,5,119.0,5,130.0,0
0,4,11.75,5,13.0,28,6,6,110.0,11,133.1,0
1,5,12.4,8,12.375,46,9,8,120.0,11,120.0,0
1,0,0.0,0,0.0,22,0,0,119.8,0,131.0,0
0,4,13.75,5,11.4,46,6,6,135.6,9,133.1,0
0,3,12.0,3,13.0,18,5,5,136.3,8,131.0,0
1,6,14.166666666666666,6,13.5,21,6,6,149.2,6,146.0,0
0,1,11.0,0,0.0,34,5,5,100.0,10,120.0,0
0,5,11.2,5,12.0,21,6,6,125.0,8,119.0,0
1,6,13.0,5,13.0,18,6,6,131.0,7,132.0,0
1,0,0.0,0,0.0,20,0,0,122.0,0,130.0,0
0,1,12.0,2,10.5,19,6,6,118.0,11,119.0,0
1,6,12.166666666666666,6,12.666666666666666,22,6,6,126.0,6,134.0,0
0,0,0.0,1,11.0,23,6,6,120.0,8,120.0,0
0,0,0.0,0,0.0,19,0,0,155.6,0,172.0,0
0,0,0.0,0,0.0,19,0,0,127.3,0,129.0,0
1,6,16.142857142857142,6,15.571428571428571,18,6,6,161.2,7,164.0,0
0,5,11.8,4,12.0,18,6,6,140.9,7,136.0,0
0,3,11.333333333333334,4,11.25,19,6,6,111.1,6,117.0,0
1,0,0.0,0,0.0,18,0,0,149.9,0,131.0,0
1,5,13.6,6,12.142857142857142,19,6,6,120.0,11,120.0,0
0,0,0.0,2,11.5,27,6,6,120.0,7,133.1,0
1,6,13.0,4,13.0,20,6,6,98.9,6,101.0,0
1,8,12.8875,8,12.8875,18,8,8,136.3,9,141.0,1
1,6,12.571428571428571,6,12.833333333333334,18,6,6,130.0,7,145.0,0
0,2,12.5,3,10.666666666666666,18,5,5,141.5,11,160.0,0
1,8,12.28125,6,11.983333333333334,18,8,7,114.5,12,125.0,0
0,0,0.0,0,0.0,37,5,5,100.0,5,133.1,5
1,6,11.5,6,11.833333333333334,36,6,6,110.5,6,120.0,0
0,2,11.0,3,12.666666666666666,26,6,6,101.0,15,133.1,0
1,4,14.5,4,13.75,19,5,5,121.0,8,121.0,0
0,5,11.8,5,11.4,24,6,6,95.0,8,120.0,0
0,6,13.0,6,13.166666666666666,19,6,6,126.9,6,130.0,0
1,5,11.8,6,12.833333333333334,20,8,7,116.3,8,130.0,0
1,5,14.5,6,14.125,19,6,6,120.0,10,128.0,0
1,5,13.0,3,11.666666666666666,21,5,5,123.6,5,126.0,0
0,4,11.25,6,10.25,50,7,7,150.0,14,120.0,0
0,4,11.75,6,12.514285714285716,47,7,7,120.0,15,100.0,0
0,9,10.444444444444445,10,11.5,24,13,13,111.3,18,120.0,0
0,0,0.0,1,10.0,48,5,5,150.0,5,110.0,0
1,5,12.77777777777778,6,15.714285714285714,18,6,6,123.2,17,127.0,0
0,4,11.0,4,12.5,32,7,6,130.0,7,130.0,0
0,4,12.75,3,12.0,20,5,5,137.9,5,141.0,0
0,0,0.0,0,0.0,24,5,5,100.0,5,120.0,0
1,4,11.75,4,12.25,53,5,5,120.0,8,133.1,0
0,0,0.0,0,0.0,42,4,4,131.0,4,133.1,0
1,5,14.2,5,13.6,52,5,5,133.8,5,133.1,0
1,5,11.8,5,12.2,49,5,5,150.0,9,110.0,0
1,6,13.333333333333334,6,12.285714285714286,18,6,6,126.4,7,125.0,1
1,4,13.0,3,12.0,37,5,5,154.0,8,130.0,1
1,7,11.65,6,13.342857142857143,21,8,7,114.9,10,121.0,0
0,0,0.0,0,0.0,26,5,5,110.0,5,133.1,0
1,11,14.818181818181818,11,14.272727272727272,20,12,12,149.8,12,147.0,0
1,8,12.91111111111111,7,12.1375,19,8,7,117.9,9,128.0,0
1,6,14.857142857142858,6,14.166666666666666,18,6,6,165.8,7,164.0,0
1,8,14.655555555555557,7,13.528571428571428,18,8,7,127.6,9,137.0,0
1,6,11.0,5,12.0,20,6,6,123.8,8,122.0,0
0,1,11.0,5,11.4,20,6,5,126.1,11,124.0,0
0,0,0.0,0,0.0,21,0,0,119.7,0,120.0,0
1,11,14.5,12,12.916666666666666,22,11,12,121.6,16,117.0,0
1,8,14.3875,7,13.6375,18,8,7,100.0,8,140.0,0
0,7,12.142857142857142,7,12.9,18,8,7,127.6,15,130.0,0
1,7,14.36,7,14.36,19,8,8,132.5,8,138.0,0
1,7,14.7,7,14.7,18,8,8,131.0,8,142.0,0
1,8,15.0625,7,13.0,20,8,7,113.3,8,122.0,0
0,0,0.0,6,13.5,20,6,6,121.9,6,131.0,0
1,5,12.6,5,12.333333333333334,20,5,5,118.3,7,120.0,0
1,5,13.0,5,13.4,19,5,5,118.8,6,131.0,0
1,0,0.0,0,0.0,20,0,0,143.3,0,120.0,0
1,7,14.142857142857142,11,14.727272727272728,27,9,12,155.7,10,160.0,0
1,6,15.666666666666666,6,16.571428571428573,18,6,6,153.9,6,157.0,0
1,8,15.7425,7,15.145,18,8,7,137.8,8,150.0,0
1,8,15.075,7,13.44285714285714,18,8,7,143.3,8,148.0,0
1,4,11.75,5,14.166666666666666,20,5,5,123.2,6,120.0,2
1,6,12.333333333333334,6,11.333333333333334,20,6,6,140.5,6,158.0,0
1,8,13.76125,8,13.76125,18,8,8,130.0,8,145.0,0
0,5,10.0,5,11.6,22,9,7,104.8,9,100.0,0
1,5,13.0,4,12.75,22,6,6,132.5,8,136.0,0
1,6,14.0,6,15.307692307692308,19,6,6,136.5,9,148.0,0
0,4,12.0,5,13.285714285714286,21,6,6,130.0,10,130.0,0
1,8,14.077777777777778,7,14.757142857142856,27,8,7,190.0,9,130.0,0
1,6,12.766666666666666,6,12.766666666666666,18,7,7,128.5,7,136.0,0
0,0,0.0,5,10.4,18,6,5,126.6,13,122.0,0
0,0,0.0,0,0.0,19,7,7,131.6,0,140.0,0
1,5,12.6,4,10.5,35,5,5,119.0,6,110.0,0
1,5,13.4,4,14.25,23,5,5,127.6,6,130.0,0
0,0,0.0,3,11.916666666666666,28,7,7,100.0,17,133.1,0
0,5,11.6,4,12.0,20,5,5,117.7,6,124.0,0
0,4,12.75,3,11.0,21,5,5,124.7,5,124.0,0
1,5,13.0,6,14.166666666666666,18,6,6,124.5,8,128.0,0
1,6,15.0,6,14.666666666666666,22,6,6,140.8,6,125.0,0
1,5,12.285714285714286,0,0.0,21,5,5,111.9,10,121.0,1
0,0,0.0,3,12.666666666666666,38,5,7,140.0,5,140.0,0
0,0,0.0,0,0.0,19,0,0,123.8,0,136.0,0
0,0,0.0,0,0.0,24,5,5,134.0,0,140.8,0
0,0,0.0,0,0.0,19,6,6,130.8,0,142.0,0
1,8,14.022222222222222,7,13.7,19,8,7,130.2,9,133.0,0
0,0,0.0,0,0.0,31,5,5,147.6,0,130.0,0
1,6,13.285714285714286,6,13.333333333333334,19,6,6,113.4,7,120.0,0
1,6,12.166666666666666,5,11.4,22,6,6,133.7,6,141.0,0
0,0,0.0,0,0.0,25,5,5,128.2,5,130.0,0
0,0,0.0,7,16.142857142857142,18,8,7,161.0,9,168.0,0
0,0,0.0,0,0.0,30,8,8,130.0,8,130.0,8
1,8,15.63375,8,15.63375,18,8,8,156.3,8,156.0,0
1,6,14.5,6,13.666666666666666,18,6,6,129.3,6,137.0,0
0,0,0.0,0,0.0,18,6,6,129.3,0,131.0,0
1,6,11.5,6,12.5,18,6,6,136.3,7,130.0,0
1,6,13.0,6,12.285714285714286,25,6,6,140.0,6,133.1,0
0,0,0.0,0,0.0,18,0,0,139.7,0,160.0,0
0,4,13.125,4,12.95,25,7,7,105.0,11,133.1,1
1,6,12.45,6,12.45,19,7,7,130.5,7,130.0,0
1,8,13.38125,8,13.38125,20,8,8,131.5,8,137.0,0
0,5,11.34,5,12.16,33,6,7,100.0,7,133.1,0
1,6,12.166666666666666,6,12.75,18,6,6,130.2,10,140.0,0
1,8,13.3425,8,13.3425,19,8,8,133.5,8,135.0,0
1,6,13.03125,7,14.175,20,8,7,133.2,14,140.0,0
0,2,14.5,0,0.0,24,5,5,129.0,8,160.0,2
0,0,0.0,0,0.0,24,5,5,100.0,7,133.1,0
1,5,12.142857142857142,5,12.0,18,5,5,116.5,8,128.0,0
1,5,11.4,6,10.571428571428571,18,6,6,124.2,9,121.0,0
1,12,15.428571428571429,11,14.153846153846152,22,12,12,138.8,20,127.0,0
1,5,12.4,6,11.166666666666666,18,6,6,126.4,11,132.0,0
1,17,12.666666666666666,17,12.0,21,17,17,151.9,18,147.0,0
0,4,12.0,3,11.333333333333334,38,5,5,120.0,9,110.0,0
1,13,13.357142857142858,16,12.588235294117649,29,13,16,131.9,14,142.0,0
0,0,0.0,0,0.0,18,6,6,131.7,0,131.0,0
1,13,12.846153846153848,12,12.25,37,13,12,132.5,13,110.0,0
1,5,12.8,5,11.6,20,5,5,116.5,5,128.0,0
0,3,12.0,4,13.0,20,5,5,133.9,11,136.0,2
0,2,12.5,3,10.666666666666666,40,5,5,145.4,5,120.0,0
0,3,11.428571428571429,2,11.0,21,5,5,111.0,9,118.0,0
1,8,13.125,6,13.428571428571429,21,9,7,120.0,9,120.0,0
1,8,13.05375,8,13.05375,18,8,8,129.8,10,151.0,2
1,6,13.833333333333334,6,14.166666666666666,27,6,6,130.0,7,140.0,0
0,0,0.0,0,0.0,38,6,6,126.3,8,133.1,0
0,3,12.666666666666666,5,13.6,18,6,6,137.8,13,146.0,0
0,5,13.333333333333334,6,13.714285714285714,18,6,6,115.4,7,121.0,0
0,2,10.0,3,11.666666666666666,19,6,6,110.0,11,127.0,0
0,0,0.0,1,14.0,44,6,6,97.4,6,133.1,0
0,3,10.0,4,12.5,26,6,6,130.0,16,130.0,0
0,4,11.5,5,11.833333333333334,24,6,6,156.0,11,156.0,0
0,0,0.0,0,0.0,27,6,6,126.1,8,130.0,0
0,0,0.0,0,0.0,27,6,6,120.0,0,110.0,0
0,10,12.4,13,11.538461538461538,25,15,17,105.2,15,108.0,0
1,0,0.0,0,0.0,19,0,0,137.8,0,150.0,0
0,0,0.0,0,0.0,20,5,5,116.0,5,123.0,0
0,0,0.0,3,12.666666666666666,22,6,6,150.0,7,150.0,0
1,6,15.0,6,14.428571428571429,19,6,6,118.0,8,125.0,2
1,7,12.6,7,13.117142857142856,18,8,7,109.3,9,117.0,0
1,6,11.833333333333334,6,12.666666666666666,20,6,6,119.3,7,121.0,0
0,0,0.0,0,0.0,18,0,0,146.3,0,140.0,0
1,6,16.5,6,15.285714285714286,36,6,6,161.5,6,130.0,0
1,4,11.25,3,10.5,19,5,5,140.0,8,140.0,0
1,9,12.6,11,12.636363636363637,21,9,11,142.2,11,140.0,0
0,0,0.0,0,0.0,26,5,5,129.2,0,140.0,0
0,1,14.0,3,14.333333333333334,29,7,9,100.0,8,140.0,0
0,0,0.0,0,0.0,27,8,7,140.0,0,140.0,0
1,6,14.428571428571429,6,13.5,19,6,6,136.9,7,140.0,0
0,0,0.0,0,0.0,20,4,4,148.7,8,149.0,0
1,7,11.428571428571429,9,12.8,33,7,9,133.0,9,140.0,0
0,5,12.0,5,10.8,35,5,5,150.0,7,140.0,2
1,4,11.0,4,11.4,23,5,5,98.0,7,133.1,0
1,8,14.5,7,13.725714285714286,19,8,7,122.4,8,125.0,0
1,6,11.166666666666666,6,13.5,21,6,6,112.0,6,133.1,0
0,7,15.57,7,15.57,27,8,8,143.8,8,130.0,0
0,8,15.91111111111111,7,14.114285714285714,28,8,7,138.0,9,140.0,0
0,0,0.0,0,0.0,42,6,6,103.5,0,133.1,0
1,4,13.75,4,13.5,27,5,5,140.0,6,140.0,0
0,0,0.0,4,11.25,23,6,6,108.7,10,116.0,4
1,6,11.333333333333334,6,12.142857142857142,18,6,6,115.9,8,118.0,0
1,7,13.075714285714286,7,13.075714285714286,26,8,8,127.3,8,140.0,0
0,0,0.0,0,0.0,18,5,5,138.7,0,146.0,0
0,2,13.5,3,11.0,29,5,5,135.8,11,150.0,0
0,0,0.0,0,0.0,22,6,6,134.6,7,137.0,0
1,7,13.512857142857142,7,13.512857142857142,19,8,8,132.8,8,134.0,0
1,6,12.166666666666666,6,12.833333333333334,18,6,6,155.5,6,160.0,0
0,3,11.666666666666666,3,15.0,18,5,5,132.0,9,126.0,0
0,3,13.333333333333334,5,12.8,40,6,6,110.0,16,133.1,0
0,0,0.0,3,12.333333333333334,20,6,6,127.3,16,114.0,0
0,5,12.288,5,12.288,18,8,8,126.0,15,139.0,1
1,7,13.285714285714286,12,12.333333333333334,31,10,12,130.0,13,130.0,2
1,5,12.8,4,11.5,18,5,5,118.8,5,131.0,0
0,4,11.142857142857142,6,11.833333333333334,22,6,6,127.6,11,130.0,0
0,0,0.0,0,0.0,38,5,5,112.1,5,133.1,0
0,0,0.0,0,0.0,33,5,5,130.0,5,130.0,0
0,0,0.0,0,0.0,18,6,6,121.4,0,127.0,0
1,5,13.0,6,12.333333333333334,27,5,6,120.6,5,134.0,0
1,6,12.833333333333334,6,12.428571428571429,26,6,6,126.5,6,130.0,0
1,8,13.544444444444444,7,12.765714285714289,19,8,7,120.2,9,127.0,0
0,5,12.6,5,12.1,44,7,7,120.0,10,130.0,0
1,5,11.5,5,12.0,19,5,5,137.5,9,142.0,0
0,0,0.0,0,0.0,20,6,6,127.9,6,117.0,0
1,13,12.0,13,11.357142857142858,31,14,14,131.8,14,164.0,1
1,6,12.5,6,13.5,25,6,6,129.0,6,130.0,0
0,0,0.0,0,0.0,19,6,6,115.8,0,127.0,0
0,8,14.75,7,13.884285714285712,18,8,7,126.4,9,140.0,0
0,2,10.5,2,11.666666666666666,24,6,6,112.9,20,133.1,6
1,6,12.666666666666666,6,14.5,20,6,6,111.6,6,120.0,0
1,6,14.166666666666666,6,14.714285714285714,18,6,6,152.0,7,160.0,0
1,6,14.333333333333334,6,13.285714285714286,18,6,6,132.6,6,141.0,0
0,0,0.0,0,0.0,28,7,7,120.0,7,120.0,7
0,4,11.5,5,13.0,18,6,6,142.8,10,162.0,0
1,5,14.0,6,11.5,18,6,6,124.8,11,130.0,0
1,5,11.6,5,11.8,18,5,5,126.3,10,134.0,3
0,3,12.285714285714286,3,10.666666666666666,19,5,5,119.0,10,133.1,0
1,8,14.864444444444445,6,13.8875,19,8,7,124.9,9,137.0,0
1,6,11.5,5,11.4,20,6,6,118.0,9,133.1,0
1,7,12.142857142857142,9,12.333333333333334,34,7,11,100.0,12,110.0,0
1,8,13.427499999999998,8,13.427499999999998,19,8,8,130.8,8,133.0,0
1,2,15.5,6,15.166666666666666,24,6,6,110.0,6,130.0,0
0,0,0.0,0,0.0,18,6,6,151.0,0,151.0,0
0,0,0.0,2,10.5,19,5,5,131.0,9,125.0,3
1,3,11.0,5,11.8,18,5,5,155.2,8,158.0,0
1,8,12.36111111111111,7,13.075,19,8,7,119.7,11,133.0,0
0,2,13.0,4,11.6,19,6,6,131.0,14,138.0,0
0,4,12.25,6,13.666666666666666,19,6,6,116.9,10,126.0,0
0,2,10.0,4,10.75,41,5,5,130.0,7,140.0,0
1,8,12.68888888888889,6,13.492857142857144,19,8,7,137.8,9,143.0,0
0,0,0.0,0,0.0,23,8,7,120.0,0,120.0,0
0,5,14.8,5,13.285714285714286,18,5,5,133.0,16,148.0,0
1,5,11.8,5,12.6,19,5,5,115.2,13,126.0,5
1,6,14.666666666666666,6,14.0,20,6,6,160.0,7,160.0,0
0,2,10.5,2,11.5,35,5,5,106.3,8,140.0,0
0,0,0.0,0,0.0,34,6,6,103.0,9,133.1,0
1,6,12.875,6,11.833333333333334,19,6,6,136.0,8,136.0,0
1,5,12.4,5,11.5,22,6,6,146.5,8,150.0,0
1,6,12.333333333333334,6,14.166666666666666,20,6,6,131.4,8,130.0,0
0,0,0.0,0,0.0,30,5,5,137.0,5,110.0,0
0,0,0.0,2,10.5,20,6,6,111.9,16,121.0,0
1,6,13.166666666666666,6,11.833333333333334,18,6,6,131.2,6,127.0,0
0,0,0.0,0,0.0,26,5,5,131.2,6,140.0,0
1,5,12.4,5,12.4,26,5,5,140.0,5,130.0,0
0,0,0.0,2,10.5,26,5,5,121.5,9,130.0,0
0,0,0.0,0,0.0,31,5,5,153.5,6,100.0,0
1,11,14.333333333333334,12,14.583333333333334,20,11,12,142.2,14,139.0,0
1,3,12.666666666666666,6,11.666666666666666,19,6,6,131.1,10,150.0,0
0,0,0.0,0,0.0,23,5,5,130.6,5,133.1,0
0,0,0.0,1,13.0,20,7,7,115.0,15,119.0,0
1,9,15.011111111111113,7,15.66,20,10,7,125.0,11,170.0,0
0,0,0.0,0,0.0,29,5,6,97.5,10,133.1,0
1,4,12.75,6,12.166666666666666,20,6,6,134.4,8,133.0,0
1,6,13.3,6,13.3,24,7,7,118.8,7,125.0,0
0,0,0.0,0,0.0,37,7,7,110.5,13,133.1,1
0,0,0.0,0,0.0,18,8,7,123.3,0,143.0,0
0,0,0.0,0,0.0,18,0,0,139.6,0,127.0,0
1,7,13.55714285714286,7,13.55714285714286,18,8,8,138.8,8,157.0,0
0,3,10.333333333333334,4,12.0,35,6,6,140.0,11,140.0,0
0,0,0.0,0,0.0,19,6,5,118.2,0,128.0,0
1,0,0.0,0,0.0,18,0,0,150.6,0,145.0,0
1,6,12.183333333333332,6,12.183333333333332,19,7,7,126.0,7,132.0,0
0,4,11.0,6,11.833333333333334,30,8,9,160.0,21,160.0,0
0,0,0.0,0,0.0,51,4,4,160.0,4,160.0,0
1,5,14.333333333333334,6,15.0,18,6,6,184.4,10,184.4,0
1,0,0.0,0,0.0,18,0,0,156.0,0,149.0,0
1,0,0.0,0,0.0,18,0,0,150.2,0,146.0,0
1,8,13.435,8,13.435,18,8,8,126.3,8,139.0,0
0,0,0.0,4,13.5,18,5,5,146.1,9,152.0,3
1,17,12.176470588235292,17,11.5,23,17,17,116.8,17,121.0,0
0,4,11.5,5,12.2,18,6,6,112.3,11,121.0,0
1,0,0.0,0,0.0,18,0,0,155.3,0,143.0,0
1,8,14.0,10,14.5,21,9,11,153.8,15,150.0,0
1,6,12.666666666666666,6,13.333333333333334,20,6,6,110.0,8,126.0,0
1,9,12.555555555555555,9,12.0,24,10,11,128.2,21,133.1,0
1,6,14.0,6,15.125,18,6,6,120.4,9,127.0,0
1,6,13.116666666666667,6,13.116666666666667,18,7,7,153.0,7,160.0,0
1,6,11.666666666666666,6,12.833333333333334,19,6,6,117.9,7,121.0,0
1,6,14.166666666666666,6,13.333333333333334,20,6,6,145.6,6,150.0,0
1,8,15.6625,7,13.877142857142855,18,8,7,119.8,8,117.0,0
1,7,12.944285714285714,7,12.944285714285714,18,8,8,126.8,8,141.0,0
1,6,14.266666666666666,6,14.266666666666666,19,7,7,137.3,7,148.0,0
1,5,14.0,5,13.0,18,6,6,115.5,8,120.0,0
1,8,12.48375,8,12.48375,20,8,8,127.5,8,132.0,0
1,8,15.3125,7,13.428571428571429,18,8,7,116.3,8,125.0,0
0,0,0.0,3,10.666666666666666,18,6,6,113.2,12,123.0,0
1,5,12.2,5,15.4,18,6,6,132.6,7,142.0,0
1,6,13.45,6,13.45,18,7,7,132.0,7,148.0,0
1,6,12.6,6,12.6,18,7,7,130.3,7,136.0,0
1,8,12.9375,7,12.485714285714286,20,8,7,116.7,12,123.0,0
1,5,12.8,5,10.8,22,6,6,134.0,7,135.0,0
1,6,14.0,6,13.833333333333334,18,6,6,139.2,6,136.0,0
1,4,12.5,5,13.2,18,5,5,129.4,6,142.0,0
0,0,0.0,1,14.0,18,6,6,125.6,6,127.0,0
1,5,14.0,8,13.875,19,6,8,129.3,8,131.0,0
1,5,12.714285714285714,5,12.5,19,5,5,128.4,8,134.0,0
1,6,12.5,6,13.428571428571429,18,6,6,139.9,6,142.0,0
1,8,15.11111111111111,7,14.868571428571428,18,8,7,128.5,9,133.0,0
1,8,13.21875,7,13.03,18,8,7,117.8,8,125.0,0
1,6,12.333333333333334,6,14.571428571428571,19,6,6,115.1,7,120.0,0
1,4,11.25,5,11.0,18,6,6,118.0,9,125.0,0
1,8,13.3675,8,13.3675,25,8,8,120.0,8,133.1,0
1,7,12.825714285714286,6,12.808333333333332,19,8,7,119.6,11,133.1,0
1,8,13.8875,7,13.918571428571427,18,8,7,133.2,9,143.0,0
1,4,12.8,6,13.0,19,6,6,141.8,9,147.0,0
1,6,13.683333333333332,6,13.683333333333332,18,7,7,130.3,7,142.0,0
0,1,12.0,5,13.0,24,6,6,100.0,12,150.0,0
1,5,11.2,5,12.8,21,6,6,114.6,7,124.0,0
1,6,12.166666666666666,6,13.571428571428571,18,6,6,123.4,6,136.0,0
1,6,13.166666666666666,6,13.166666666666666,18,6,6,116.4,6,116.0,0
1,6,14.5,6,15.0,20,6,6,123.2,6,127.0,0
1,5,11.4,6,12.666666666666666,19,6,6,123.7,8,117.0,0
0,6,13.142857142857142,6,13.857142857142858,19,6,6,127.6,7,116.0,0
1,8,14.9625,7,14.692857142857145,30,8,7,117.1,8,129.0,0
1,8,14.035,8,14.035,18,8,8,149.3,8,157.0,0
1,3,14.0,4,11.0,18,5,5,125.6,8,135.0,0
1,6,13.333333333333334,6,13.333333333333334,18,6,6,145.0,6,139.0,0
1,7,12.33,6,11.7725,20,8,7,115.0,9,115.0,0
0,0,0.0,0,0.0,19,6,6,114.3,0,123.0,0
0,0,0.0,0,0.0,19,6,6,126.0,12,140.0,0
0,0,0.0,0,0.0,19,0,0,124.0,0,138.0,0
1,6,12.0,6,12.285714285714286,18,6,6,122.6,6,132.0,0
1,6,13.166666666666666,6,12.166666666666666,19,7,7,113.5,9,117.0,0
1,7,14.805714285714286,7,14.805714285714286,25,8,8,140.0,8,140.0,0
0,6,11.714285714285714,5,10.6,19,6,6,107.0,10,133.1,0
1,6,12.666666666666666,6,12.833333333333334,19,6,6,124.2,6,134.0,0
1,5,13.8,5,13.0,20,6,6,108.0,6,115.0,0
1,8,13.7125,7,12.725,20,8,7,115.2,8,119.0,0
1,3,10.333333333333334,4,11.25,19,5,5,129.3,10,131.0,0
1,12,13.461538461538462,11,13.818181818181818,31,12,12,120.0,16,120.0,0
1,3,13.0,3,12.333333333333334,20,5,5,116.7,8,120.0,1
1,5,15.4,6,13.666666666666666,18,6,6,121.1,9,133.0,0
1,6,12.142857142857142,6,14.833333333333334,20,6,6,123.3,8,128.0,0
0,5,13.125,5,11.2,19,6,6,129.4,10,129.0,0
1,5,12.2,5,11.4,21,5,5,119.9,6,122.0,0
1,8,13.244444444444444,7,13.135,18,8,7,131.6,9,140.0,0
0,10,11.4,10,13.0,21,11,10,120.0,11,143.0,0
1,5,12.5,6,13.5,20,6,6,143.0,9,140.0,0
1,6,14.5,5,13.5,18,6,6,119.2,6,123.0,0
1,5,13.0,4,10.75,18,5,5,124.3,5,140.0,0
1,6,11.833333333333334,6,11.333333333333334,18,6,6,111.1,9,116.0,0
1,5,13.285714285714286,3,13.0,21,5,7,150.0,12,150.0,1
1,6,13.966666666666669,6,13.966666666666669,18,7,7,147.3,7,147.0,0
1,8,14.14125,8,14.14125,18,8,8,147.5,8,162.0,0
1,4,11.75,4,11.6,20,6,6,108.0,10,108.0,0
1,8,14.6625,8,14.6625,32,8,8,130.0,8,130.0,0
1,8,12.66875,6,12.993333333333334,23,8,7,109.0,9,116.0,0
1,5,12.8,5,12.2,18,6,6,121.2,10,132.0,0
0,0,0.0,0,0.0,34,0,0,140.0,0,140.0,0
1,5,11.8,5,12.2,21,5,5,125.9,7,136.0,0
0,0,0.0,0,0.0,20,6,6,121.5,12,133.0,0
1,6,11.666666666666666,6,11.333333333333334,18,6,6,121.5,6,126.0,0
1,6,13.1,6,13.857142857142858,18,6,6,132.4,15,142.0,0
1,6,13.333333333333334,6,12.857142857142858,18,6,6,122.4,6,121.0,0
0,0,0.0,1,10.0,24,6,6,110.0,12,134.0,0
1,13,11.384615384615383,14,10.214285714285714,32,13,15,120.4,13,140.0,0
0,3,10.333333333333334,6,11.285714285714286,24,6,6,105.0,16,133.1,0
0,0,0.0,6,13.833333333333334,18,6,6,137.8,7,157.0,0
1,5,12.6,6,12.857142857142858,28,6,6,118.0,8,120.0,0
0,4,12.0,6,11.666666666666666,18,6,6,122.1,9,134.0,0
0,0,0.0,0,0.0,24,5,6,140.0,10,140.0,0
1,5,13.2,5,14.4,19,5,5,143.2,6,133.0,0
1,6,14.166666666666666,6,14.833333333333334,44,6,6,120.5,6,146.0,0
1,6,12.0,6,14.333333333333334,18,6,6,119.5,9,130.0,0
1,0,0.0,0,0.0,18,0,0,147.5,0,151.0,0
0,0,0.0,0,0.0,22,6,6,129.6,0,133.1,0
1,6,12.666666666666666,6,12.333333333333334,18,7,7,126.1,7,132.0,0
1,5,12.4,5,11.8,44,5,5,160.0,5,110.0,0
0,5,10.6,5,13.2,33,6,6,105.5,7,133.1,0
0,0,0.0,0,0.0,32,5,6,95.5,10,110.0,0
0,0,0.0,0,0.0,35,6,6,107.5,0,133.1,0
1,6,13.285714285714286,6,11.5,20,6,6,106.1,7,105.0,0
1,5,12.2,5,12.6,24,6,6,116.3,7,160.0,0
1,8,14.22222222222222,7,13.542857142857144,19,8,7,137.4,9,144.0,0
1,6,13.833333333333334,6,13.666666666666666,19,6,6,144.1,6,143.0,0
0,0,0.0,0,0.0,27,6,6,107.8,8,160.0,0
0,0,0.0,0,0.0,30,6,6,128.2,0,140.0,0
0,0,0.0,0,0.0,21,0,0,117.0,0,133.1,0
1,6,12.285714285714286,6,11.5,19,6,6,110.4,8,116.0,0
1,7,12.9125,7,11.828571428571427,18,8,7,100.0,10,141.0,0
1,0,0.0,0,0.0,21,0,0,117.0,0,110.0,0
1,6,12.966666666666669,6,12.966666666666669,19,7,7,128.0,7,132.0,0
1,6,13.666666666666666,6,13.833333333333334,18,6,6,122.1,6,135.0,0
1,8,14.36875,7,14.125714285714285,19,8,7,133.4,8,135.0,0
0,0,0.0,5,12.166666666666666,45,8,10,112.0,8,140.0,2
1,4,12.25,6,12.666666666666666,26,6,6,130.0,21,133.1,0
0,0,0.0,0,0.0,51,5,4,100.0,0,100.0,0
1,6,14.166666666666666,6,12.285714285714286,49,6,6,162.0,7,133.1,0
0,1,10.0,2,10.0,22,5,5,131.4,7,137.0,0
0,2,12.0,2,11.5,33,5,5,128.2,8,120.0,0
1,4,11.5,5,11.6,20,5,5,148.9,6,148.9,0
1,6,11.666666666666666,6,12.5,18,6,6,128.4,6,134.0,0
0,2,11.0,3,11.666666666666666,20,6,6,120.3,10,128.0,0
1,10,11.6,7,13.428571428571429,37,10,10,100.0,11,133.1,0
1,6,13.5,6,13.666666666666666,18,6,6,126.1,6,131.0,0
1,6,12.166666666666666,6,12.5,19,6,6,111.7,6,118.0,0
1,4,12.8,6,13.0,21,6,6,140.0,15,140.0,0
1,7,12.842857142857143,6,12.783333333333331,20,8,7,122.2,9,133.0,0
0,0,0.0,0,0.0,19,8,7,118.7,0,126.0,0
0,4,11.225,4,13.5,20,7,7,121.5,11,125.0,0
1,8,15.125,7,13.457142857142856,18,8,7,134.5,8,138.0,0
1,7,13.44285714285714,7,13.44285714285714,19,8,8,127.0,8,140.0,0
1,5,10.833333333333334,4,11.0,18,6,6,114.2,12,124.0,0
1,6,12.285714285714286,6,11.333333333333334,18,6,6,125.3,7,133.0,0
0,0,0.0,2,10.0,18,1,5,120.4,1,127.0,0
1,8,14.0625,7,12.214285714285714,18,8,7,130.5,8,142.0,0
1,6,13.5,6,14.166666666666666,19,6,6,125.5,6,130.0,0
1,11,12.636363636363637,12,12.846153846153848,24,11,12,133.8,13,130.0,0
1,4,11.25,5,12.8,21,5,5,130.5,7,127.0,0
0,5,12.0,4,13.0,20,6,6,140.0,11,140.0,0
1,8,13.666666666666666,7,13.371428571428572,19,8,7,119.4,9,126.0,0
1,8,13.3875,7,13.385714285714286,19,8,7,121.3,8,139.0,0
1,7,13.328571428571427,7,13.328571428571427,18,8,8,126.3,8,141.0,0
1,5,11.0,5,14.0,19,6,6,111.6,14,120.0,0
1,5,13.2,5,12.6,21,5,5,111.3,5,120.0,0
1,6,15.0,6,14.0,19,6,6,122.5,6,134.0,0
1,6,12.666666666666666,6,13.428571428571429,18,6,6,116.5,6,128.0,0
1,6,12.5,6,13.0,17,6,6,132.0,6,133.0,0
0,3,12.333333333333334,3,10.0,23,5,5,117.0,9,118.0,0
1,6,11.77777777777778,6,12.833333333333334,19,6,6,116.5,10,113.0,0
1,6,12.916666666666666,6,12.916666666666666,18,7,7,121.5,7,135.0,0
1,5,13.8,6,13.285714285714286,20,6,6,105.0,8,133.1,0
1,5,13.8,5,14.6,19,5,5,121.3,5,130.0,0
1,6,13.666666666666666,6,14.0,18,6,6,136.1,6,135.0,0
1,6,15.0,6,14.142857142857142,19,6,6,123.6,6,133.0,0
1,6,12.333333333333334,6,11.666666666666666,19,6,6,129.0,6,123.0,0
1,8,14.3775,8,14.3775,18,8,8,136.8,9,145.0,1
1,7,13.042857142857144,7,12.5,18,8,7,133.4,9,146.0,0
1,6,14.15,6,14.15,19,7,7,136.0,7,144.0,0
1,7,12.471428571428572,7,12.471428571428572,19,8,8,125.8,12,144.0,0
1,6,14.15,6,14.15,19,7,7,120.5,7,131.0,0
1,8,14.0475,7,14.072222222222225,21,8,7,130.2,8,141.0,0
1,6,14.666666666666666,6,14.857142857142858,18,6,6,135.9,6,138.0,0
1,6,13.166666666666666,6,14.285714285714286,19,6,6,116.5,6,127.0,0
0,0,0.0,0,0.0,18,4,4,124.0,4,124.0,0
0,0,0.0,0,0.0,30,6,6,140.0,0,140.0,0
0,5,15.166666666666666,6,15.0,18,6,6,150.9,8,157.0,0
1,6,12.633333333333333,6,12.633333333333333,20,7,7,127.3,7,129.0,0
0,5,12.6,5,11.2,25,5,5,100.0,5,133.1,0
1,6,14.233333333333334,6,14.233333333333334,18,7,7,128.8,7,142.0,0
1,7,15.7,7,15.7,18,8,8,140.8,8,156.0,0
1,6,15.2,6,15.2,18,7,7,138.0,7,151.0,0
0,5,15.6,6,16.333333333333332,29,6,6,132.9,8,135.0,0
1,12,12.857142857142858,14,12.5625,20,12,17,140.0,24,140.0,1
0,0,0.0,0,0.0,26,8,7,140.0,0,140.0,0
1,6,12.0,5,12.4,21,6,6,99.3,6,100.0,0
1,8,13.78125,8,13.78125,19,8,8,119.3,9,126.0,1
0,5,11.666666666666666,6,12.166666666666666,19,6,6,113.2,8,123.0,0
1,4,12.0,4,10.8,20,6,6,123.0,15,137.0,0
1,8,14.28625,7,13.26,18,8,7,127.2,8,138.0,0
0,3,10.666666666666666,4,12.0,20,6,6,141.0,15,128.0,0
1,6,14.428571428571429,6,11.875,20,6,6,121.7,7,136.0,0
1,5,13.2,6,13.333333333333334,18,6,6,142.5,9,140.0,0
1,5,13.0,6,14.428571428571429,22,6,6,150.0,9,150.0,0
1,6,14.333333333333334,6,15.0,19,6,6,134.5,8,131.0,0
1,8,16.8,7,15.155555555555557,18,8,7,129.5,8,136.0,0
1,6,11.857142857142858,6,10.666666666666666,20,6,6,113.2,7,117.0,0
0,4,11.25,5,11.0,18,6,6,140.2,9,158.0,0
0,0,0.0,0,0.0,21,6,6,119.2,0,129.0,0
1,6,12.0,6,12.285714285714286,19,6,6,140.7,7,140.0,0
0,8,12.82875,8,12.82875,18,8,8,142.3,8,141.0,0
1,5,14.4,6,12.666666666666666,18,6,6,129.9,8,132.0,0
0,0,0.0,2,13.0,21,6,6,104.1,8,109.0,0
1,4,12.4,5,10.875,19,5,5,122.4,8,135.0,0
1,5,11.6,5,12.8,19,5,5,120.6,8,122.0,0
0,0,0.0,5,11.285714285714286,19,6,6,112.4,7,118.0,0
1,0,0.0,0,0.0,18,0,0,157.9,0,174.0,0
0,1,10.0,0,0.0,19,6,6,125.9,11,142.0,0
0,8,13.744444444444444,6,13.766666666666666,20,8,7,118.4,9,131.0,0
0,6,12.758333333333333,6,12.758333333333333,18,8,8,130.8,9,139.0,1
0,0,0.0,0,0.0,19,0,0,176.7,0,170.0,0
1,6,13.25,6,12.666666666666666,18,6,6,156.8,8,182.0,0
1,6,12.0,6,12.25,19,6,6,128.0,8,142.0,0
1,5,12.2,3,11.333333333333334,20,5,5,113.8,8,119.0,0
1,8,13.05,7,13.507142857142856,19,8,7,120.8,12,128.0,0
1,7,13.614285714285714,7,13.614285714285714,18,8,8,130.8,8,150.0,0
0,0,0.0,0,0.0,25,6,6,101.0,6,133.1,0
1,6,12.166666666666666,4,11.5,18,6,6,126.1,6,131.0,0
1,6,12.5,6,12.333333333333334,19,6,6,113.8,7,118.0,0
1,8,14.4375,7,11.971428571428572,19,8,7,118.3,8,122.0,0
0,2,11.5,2,13.0,20,5,5,127.9,13,116.0,0
1,5,11.285714285714286,2,13.5,20,5,5,117.9,12,128.0,1
1,6,13.285714285714286,6,12.166666666666666,21,6,6,115.7,7,123.0,0
1,0,0.0,0,0.0,19,0,0,141.0,0,133.1,0
1,6,13.666666666666666,6,11.666666666666666,42,6,6,120.0,6,110.0,0
1,6,12.833333333333334,5,13.4,19,6,6,131.1,6,150.0,0
1,4,12.5,6,12.0,18,6,6,117.8,11,129.0,0
1,5,14.8,5,14.2,21,5,5,140.0,5,140.0,0
1,6,14.428571428571429,6,12.125,20,6,6,108.0,7,133.1,0
1,7,13.285714285714286,7,13.857142857142858,20,7,7,122.9,7,132.0,0
1,8,13.125555555555556,7,14.283333333333337,19,8,7,126.0,9,137.0,0
1,9,13.0,11,13.272727272727272,21,11,13,134.0,13,133.1,0
1,6,15.142857142857142,6,14.666666666666666,19,6,6,134.3,7,143.0,0
1,8,15.092,7,15.114999999999998,19,8,7,138.7,10,148.0,0
1,6,13.142857142857142,6,15.0,22,6,6,160.0,7,160.0,0
1,5,14.333333333333334,5,13.2,21,6,6,111.0,9,112.0,0
0,3,10.333333333333334,2,11.0,18,6,6,128.5,14,133.0,0
1,7,14.565714285714288,7,14.565714285714288,20,8,8,133.0,8,142.0,0
0,4,10.75,3,12.0,18,5,5,114.6,6,123.0,0
0,0,0.0,0,0.0,20,5,6,104.1,5,103.0,0
1,7,13.775,6,13.796666666666669,23,8,7,127.6,11,140.0,0
1,6,15.333333333333334,6,14.833333333333334,18,6,6,151.0,6,159.0,0
1,6,13.833333333333334,6,12.833333333333334,20,6,6,135.7,6,140.0,0
1,7,14.962857142857144,7,14.962857142857144,18,8,8,137.8,8,148.0,0
1,5,11.2,4,12.0,20,5,5,117.3,8,112.0,0
1,8,12.8,7,12.4,18,8,7,121.2,9,131.0,0
1,6,17.166666666666668,6,15.571428571428571,20,6,6,129.3,6,145.0,0
1,7,13.714285714285714,7,13.714285714285714,19,8,8,123.0,8,133.1,0
1,6,12.166666666666666,6,13.142857142857142,21,6,6,140.0,9,140.0,0
1,3,11.0,6,15.0,33,6,6,140.0,8,140.0,0
0,0,0.0,1,13.0,24,5,5,144.6,5,150.0,0
1,11,12.75,11,12.0,20,11,11,118.3,14,120.0,0
1,0,0.0,0,0.0,18,0,0,153.6,0,156.0,0
1,6,14.166666666666666,6,15.166666666666666,18,6,6,158.3,6,167.0,0
0,2,10.5,4,12.0,29,6,6,100.0,13,133.1,0
1,8,14.772727272727272,7,13.642857142857142,18,8,7,134.9,11,147.0,0
1,6,12.714285714285714,6,12.666666666666666,19,6,6,142.0,7,129.0,0
0,0,0.0,0,0.0,19,0,0,127.3,0,136.0,0
1,6,10.5,5,10.8,18,6,6,116.5,9,128.0,0
1,8,13.063636363636364,6,14.25,19,8,7,138.6,11,140.0,0
0,10,12.9,12,12.153846153846152,20,12,14,133.0,18,141.0,0
1,3,12.333333333333334,4,12.25,19,6,6,118.0,9,125.0,0
1,8,13.40375,8,13.40375,18,8,8,128.5,8,140.0,0
1,3,12.666666666666666,6,11.333333333333334,19,6,6,129.9,9,140.0,0
0,6,12.333333333333334,5,12.2,20,6,6,125.8,6,137.0,0
0,0,0.0,0,0.0,18,8,7,124.7,0,138.0,0
0,4,16.0,5,16.166666666666668,35,6,6,154.9,10,130.0,0
1,0,0.0,0,0.0,19,0,0,129.0,0,136.0,0
0,2,10.0,3,11.0,19,5,5,127.3,7,136.0,0
0,0,0.0,0,0.0,24,7,7,100.5,13,133.1,1
0,0,0.0,4,12.5,29,6,6,122.0,7,140.0,0
1,2,12.6,7,11.294444444444444,24,8,7,140.0,22,150.0,0
1,4,12.5,5,11.2,19,6,6,116.1,11,121.0,0
0,0,0.0,0,0.0,37,0,0,130.0,0,120.0,0
1,5,11.8,5,13.2,18,6,6,146.2,6,143.0,0
0,0,0.0,0,0.0,18,5,5,127.8,0,132.0,0
0,0,0.0,0,0.0,18,6,6,132.4,0,131.0,0
1,7,13.1,7,13.1,18,8,8,129.3,8,149.0,0
1,6,13.166666666666666,6,13.5,19,6,6,125.4,6,124.0,0
0,3,13.0,5,11.571428571428571,19,6,6,132.0,10,140.0,0
1,6,15.166666666666666,6,15.285714285714286,21,6,6,170.0,6,170.0,0
1,4,13.6,6,13.433333333333332,18,7,7,115.5,10,126.0,0
0,3,11.0,5,11.6,19,5,5,127.6,9,129.0,0
1,6,13.5,6,14.666666666666666,25,6,6,140.0,6,140.0,0
1,6,14.666666666666666,6,14.666666666666666,22,6,6,120.2,12,130.0,0
1,7,12.742857142857144,7,12.742857142857144,24,8,8,150.0,8,130.0,0
1,7,13.12857142857143,7,11.975,19,8,7,100.0,9,99.0,0
0,0,0.0,0,0.0,20,0,0,128.0,0,129.0,0
1,7,14.935714285714283,7,14.935714285714283,19,8,8,128.0,8,132.0,0
0,4,10.0,2,10.5,19,6,6,107.2,15,110.0,0
1,5,13.0,5,13.333333333333334,19,6,6,110.1,6,116.0,0
0,0,0.0,0,0.0,23,6,6,119.0,8,119.0,0
0,4,14.0,5,13.8,47,6,6,155.5,13,120.0,0
1,4,10.75,6,11.833333333333334,19,6,6,118.4,8,117.0,2
1,0,0.0,0,0.0,19,0,0,141.2,0,137.0,0
0,0,0.0,0,0.0,18,0,0,119.1,0,124.0,0
0,0,0.0,2,10.0,28,5,5,111.0,9,151.0,0
0,3,11.666666666666666,4,11.5,20,6,6,138.6,11,138.6,0
1,0,0.0,0,0.0,21,0,0,150.4,0,136.0,0
0,0,0.0,0,0.0,24,6,6,102.5,7,133.1,0
1,5,12.2,6,13.0,28,6,6,122.3,8,150.0,0
1,8,13.90625,7,13.462857142857144,18,8,7,126.4,8,133.0,0
0,1,10.0,3,10.0,48,6,6,100.0,15,133.1,0
1,6,13.666666666666666,6,12.333333333333334,21,6,6,117.1,7,129.0,0
0,0,0.0,0,0.0,23,5,5,129.4,7,130.0,0
1,4,13.25,5,13.6,18,5,5,138.9,6,141.0,1
0,2,14.0,6,12.333333333333334,22,6,6,138.6,6,140.0,0
0,7,12.25,10,11.454545454545457,25,11,13,133.9,13,122.0,0
0,5,14.4,8,13.5,27,11,13,140.0,12,140.0,0
0,0,0.0,0,0.0,49,5,5,95.1,6,133.1,0
0,0,0.0,2,11.0,31,5,5,128.2,0,120.0,0
0,5,14.333333333333334,6,13.714285714285714,54,6,6,121.5,13,133.1,0
0,12,12.25,21,12.363636363636363,25,16,21,120.0,21,120.0,1
0,3,12.666666666666666,2,12.0,28,6,6,120.0,10,120.0,0
1,6,13.166666666666666,7,12.857142857142858,41,6,7,107.0,6,133.1,0
0,2,11.5,0,0.0,22,5,5,114.4,8,123.0,0
0,0,0.0,2,13.5,34,6,6,157.7,6,178.0,0
0,10,15.0,11,15.090909090909092,28,10,11,150.0,11,130.0,0
0,1,13.0,2,13.5,50,6,6,140.0,9,140.0,0
0,0,0.0,0,0.0,19,5,5,109.1,5,108.0,0
0,3,10.666666666666666,4,12.65,18,7,7,120.6,10,120.0,0
0,0,0.0,0,0.0,59,5,5,161.9,7,100.0,0
0,0,0.0,0,0.0,33,5,5,140.0,5,140.0,0
1,5,12.8,6,13.333333333333334,23,6,6,178.0,7,133.1,0
0,5,11.142857142857142,3,11.333333333333334,44,5,5,138.3,8,133.1,0
0,0,0.0,0,0.0,37,6,6,128.0,0,140.0,0
0,0,0.0,0,0.0,36,0,0,139.0,0,100.0,0
0,2,10.5,3,11.666666666666666,22,5,5,113.2,8,123.0,2
1,6,14.428571428571429,6,12.166666666666666,49,6,6,139.0,8,133.1,0
1,4,12.75,6,13.333333333333334,23,6,6,110.0,6,135.0,0
0,0,0.0,6,12.142857142857142,47,6,6,161.1,6,120.0,0
1,12,12.307692307692308,17,13.058823529411764,28,12,18,130.0,15,130.0,0
0,5,10.0,5,11.833333333333334,21,6,6,121.0,8,133.1,0
1,10,11.8,10,12.4,21,10,11,118.6,13,120.0,0
0,0,0.0,0,0.0,49,5,5,115.8,9,133.1,0
1,5,13.4,5,11.0,40,5,5,160.0,5,120.0,0
1,6,14.428571428571429,6,13.625,22,6,6,114.5,8,125.0,0
0,0,0.0,0,0.0,31,5,5,121.7,7,133.1,0
0,2,13.5,2,15.0,30,6,6,115.0,7,120.0,0
1,5,11.0,5,10.8,19,6,6,125.3,11,127.0,0
0,3,11.333333333333334,3,13.666666666666666,22,5,5,131.0,10,131.0,0
1,6,13.333333333333334,6,12.833333333333334,19,6,6,126.3,8,127.0,0
0,0,0.0,0,0.0,21,0,0,127.1,0,132.0,0
1,6,13.428571428571429,6,15.125,19,6,6,138.4,7,137.0,0
0,1,10.0,0,0.0,22,5,5,100.0,7,126.0,1
1,5,11.0,5,11.4,22,6,6,126.2,8,136.0,0
1,6,11.0,4,12.25,19,6,6,118.8,9,124.0,0
0,0,0.0,0,0.0,26,6,6,124.5,0,137.0,0
0,0,0.0,0,0.0,20,5,5,95.0,5,133.1,0
0,0,0.0,2,13.0,18,5,5,140.0,5,140.0,0
0,0,0.0,0,0.0,39,4,2,125.4,4,133.1,0
0,0,0.0,0,0.0,18,8,8,128.0,8,141.0,3
1,5,14.2,5,13.0,18,5,5,129.3,5,130.0,0
1,6,14.0,6,13.857142857142858,19,6,6,152.0,6,160.0,0
1,8,12.4875,6,13.391666666666666,18,8,7,128.8,8,140.0,0
0,0,0.0,4,12.75,18,5,5,152.8,5,150.0,0
1,5,14.6,4,14.5,22,5,5,150.0,5,150.0,0
1,6,12.166666666666666,6,12.166666666666666,19,6,6,112.0,6,133.1,0
0,5,15.6,5,15.4,18,5,5,135.6,5,152.0,0
0,2,16.0,2,13.333333333333334,31,5,5,134.4,9,133.1,4
0,0,0.0,0,0.0,28,5,5,120.5,5,130.0,0
0,0,0.0,0,0.0,19,6,6,141.4,0,148.0,0
1,6,14.714285714285714,6,13.714285714285714,20,6,6,145.2,8,148.0,0
0,0,0.0,4,12.25,50,6,6,140.0,7,130.0,0
0,1,13.0,1,11.0,31,5,5,140.0,5,130.0,0
1,6,10.5,6,10.166666666666666,21,6,6,112.6,10,122.0,0
0,0,0.0,1,10.0,34,5,5,106.8,9,110.0,0
0,3,10.666666666666666,2,10.5,40,5,5,120.0,5,110.0,0
1,0,0.0,0,0.0,18,0,0,160.6,0,170.0,0
0,0,0.0,0,0.0,46,6,6,130.0,6,110.0,0
0,0,0.0,0,0.0,37,5,6,110.0,10,110.0,0
0,0,0.0,0,0.0,31,6,6,110.0,10,133.1,0
1,5,12.4,5,13.333333333333334,34,6,6,145.8,15,133.1,0
0,0,0.0,0,0.0,18,0,0,130.2,0,126.0,0
1,6,14.333333333333334,6,13.571428571428571,18,6,6,122.3,6,137.0,0
1,6,11.166666666666666,6,12.833333333333334,19,6,6,125.4,7,117.0,0
0,5,11.2,4,10.25,40,8,5,130.0,18,100.0,5
0,0,0.0,0,0.0,25,6,6,150.0,6,120.0,0
0,3,13.333333333333334,4,14.5,20,6,5,116.9,8,126.0,0
0,0,0.0,0,0.0,43,6,6,95.8,0,111.0,0
1,12,11.5,18,11.666666666666666,35,13,18,150.0,13,150.0,1
1,5,13.0,4,13.0,23,5,5,118.5,5,116.0,0
1,8,11.50625,7,12.12142857142857,19,9,7,131.1,12,130.0,0
1,7,13.75,9,14.22222222222222,21,9,11,150.3,15,150.0,0
1,5,15.285714285714286,5,12.166666666666666,20,5,5,105.6,7,108.0,0
0,0,0.0,0,0.0,30,6,6,125.3,0,133.1,0
1,6,11.5,6,12.666666666666666,44,6,6,131.0,6,120.0,0
1,7,13.614285714285714,7,13.614285714285714,19,8,8,127.0,8,146.0,0
1,10,14.3,12,12.857142857142858,22,12,18,150.0,15,150.0,0
1,5,14.2,4,14.0,18,5,5,149.2,5,160.0,0
1,5,11.8,4,14.75,21,6,6,121.5,6,125.0,0
0,0,0.0,0,0.0,18,6,6,137.3,0,125.0,0
1,6,14.285714285714286,6,13.625,18,6,6,119.6,7,122.0,0
1,0,0.0,0,0.0,19,0,0,141.5,0,138.0,0
0,4,11.875,4,11.8,21,6,6,150.0,11,150.0,0
1,6,14.6,6,15.125,31,6,6,110.0,10,140.0,0
0,2,10.5,4,11.5,21,6,6,110.2,10,113.0,0
0,0,0.0,0,0.0,27,5,4,120.0,10,133.1,0
1,5,12.8,3,10.333333333333334,20,5,5,114.2,6,118.0,0
1,6,14.5,6,13.833333333333334,19,6,6,121.5,6,125.0,0
1,6,13.666666666666666,6,14.0,18,6,6,128.2,8,131.0,0
0,3,13.333333333333334,1,18.0,29,5,5,120.0,10,133.1,2
1,0,0.0,0,0.0,19,0,0,136.9,0,139.0,0
0,5,11.0,4,13.25,21,6,6,95.0,6,95.0,0
1,4,14.75,4,14.25,25,5,5,148.8,7,150.0,0
0,0,0.0,0,0.0,32,5,5,110.0,5,120.0,0
0,3,11.333333333333334,8,11.25,26,8,12,133.9,8,136.0,0
1,6,12.5,6,13.5,18,6,6,125.7,8,133.0,0
1,6,12.857142857142858,5,12.666666666666666,19,6,6,116.6,10,125.0,0
1,6,12.333333333333334,6,15.166666666666666,19,6,6,141.0,6,127.0,0
0,5,15.142857142857142,6,13.166666666666666,27,5,6,130.0,7,130.0,0
1,6,11.333333333333334,6,14.5,21,6,6,140.0,8,140.0,0
1,0,0.0,0,0.0,19,0,0,137.5,0,135.0,0
0,2,12.5,4,10.8,18,5,5,120.8,10,132.0,0
0,0,0.0,0,0.0,28,5,5,136.5,5,110.0,0
0,4,12.0,6,11.428571428571429,25,7,10,122.0,15,130.0,1
0,10,11.6,8,12.5,25,13,14,130.0,23,130.0,0
0,0,0.0,0,0.0,26,6,6,98.0,12,133.1,0
1,5,11.5,5,12.75,18,5,5,121.0,7,135.0,0
0,0,0.0,0,0.0,25,6,6,130.0,10,140.0,0
1,6,14.571428571428571,6,14.428571428571429,19,6,6,132.8,7,131.0,0
1,8,11.7125,7,12.492857142857144,19,8,7,126.3,10,131.0,0
0,4,11.0,4,11.5,45,8,8,111.5,13,100.0,0
1,5,12.8,5,11.2,52,5,5,118.2,6,140.0,1
0,3,11.0,3,12.0,20,5,5,115.6,7,124.0,0
1,7,15.885714285714286,7,15.885714285714286,19,8,8,117.8,8,130.0,0
0,4,11.58,4,12.94,21,7,7,127.0,12,142.0,0
1,6,14.166666666666666,6,14.0,35,6,6,140.0,6,150.0,0
1,0,0.0,0,0.0,36,0,0,106.0,0,110.0,0
0,0,0.0,0,0.0,47,8,7,151.0,8,110.0,8
0,0,0.0,0,0.0,22,5,5,106.4,0,112.0,0
0,3,11.0,4,11.25,41,5,5,125.3,8,100.0,1
0,0,0.0,0,0.0,26,5,5,130.0,6,130.0,0
0,0,0.0,4,11.25,51,6,6,116.0,12,133.1,1
1,3,10.666666666666666,5,11.8,41,6,6,100.0,10,100.0,1
1,10,11.181818181818182,8,11.625,23,10,10,118.5,16,130.0,3
0,0,0.0,0,0.0,22,5,6,118.9,10,129.0,0
0,4,11.25,4,10.25,25,6,6,119.3,6,127.0,0
1,14,11.357142857142858,15,10.8,25,14,15,135.8,14,140.0,0
1,11,12.666666666666666,11,12.545454545454543,22,11,12,130.0,16,130.0,0
0,0,0.0,0,0.0,47,6,6,150.0,0,140.0,0
0,0,0.0,0,0.0,41,5,5,111.9,5,133.1,0
1,5,12.2,6,14.77777777777778,43,6,6,150.1,11,120.0,0
0,0,0.0,0,0.0,29,4,3,130.0,8,133.1,0
0,0,0.0,0,0.0,30,2,2,128.0,2,120.0,0
0,0,0.0,0,0.0,26,5,4,102.5,0,133.1,0
0,0,0.0,0,0.0,27,5,5,102.5,5,133.1,0
1,5,11.6,5,11.4,36,5,5,110.0,7,100.0,0
0,6,10.857142857142858,6,11.666666666666666,29,7,9,114.0,10,133.1,0
0,5,13.0,7,11.285714285714286,35,8,10,128.2,8,120.0,0
1,5,12.6,4,11.5,18,6,6,116.5,10,128.0,0
1,5,16.0,5,16.0,24,5,5,149.3,5,172.0,0
0,6,12.666666666666666,6,12.5,18,6,6,134.1,7,146.0,0
1,5,12.6,5,13.0,21,5,5,133.5,10,150.0,0
1,12,12.083333333333334,13,13.714285714285714,32,12,18,110.0,18,130.0,0
0,3,12.5,3,12.333333333333334,22,6,5,107.5,14,111.0,0
0,10,12.7,11,12.727272727272728,32,12,17,130.0,24,130.0,1
0,0,0.0,1,14.0,35,5,5,111.6,5,170.0,0
0,0,0.0,0,0.0,23,5,5,101.0,0,133.1,0
0,1,10.0,0,0.0,35,5,5,128.2,5,120.0,0
1,12,17.692307692307693,6,18.875,32,12,6,150.0,14,110.0,0
0,0,0.0,0,0.0,20,6,6,142.8,12,133.1,0
0,5,16.2,7,13.5,44,5,7,150.0,6,150.0,0
1,3,10.0,2,15.0,53,9,11,156.5,10,133.1,4
0,0,0.0,0,0.0,28,5,5,98.6,7,120.0,0
0,5,12.8,9,14.22222222222222,31,5,9,130.0,5,130.0,0
0,0,0.0,4,12.0,44,6,7,120.0,16,100.0,1
1,4,12.0,5,12.6,19,5,5,127.7,8,142.0,0
0,0,0.0,0,0.0,18,5,5,147.7,5,148.0,0
1,6,15.3,6,14.5,20,6,6,170.0,10,170.0,0
1,6,13.5,6,14.5,55,6,6,110.2,6,110.0,0
0,0,0.0,0,0.0,19,5,5,121.0,0,135.0,0
1,5,13.2,5,11.6,18,5,5,129.9,5,133.0,0
0,0,0.0,4,11.75,43,6,6,132.0,7,133.1,0
0,0,0.0,0,0.0,18,6,6,125.9,0,121.0,0
0,0,0.0,0,0.0,18,0,0,165.7,0,159.0,0
0,0,0.0,0,0.0,20,6,6,122.7,6,130.0,0
0,4,11.8,4,11.25,29,5,5,141.4,8,121.0,0
0,0,0.0,5,11.571428571428571,44,6,6,156.4,11,133.1,0
0,3,12.666666666666666,4,12.75,20,9,6,131.7,12,125.0,0
0,0,0.0,0,0.0,36,5,4,104.7,9,120.0,0
0,0,0.0,0,0.0,29,5,5,110.0,5,110.0,0
0,3,10.333333333333334,4,11.25,18,6,6,129.1,10,120.0,0
0,0,0.0,0,0.0,24,6,6,120.0,0,133.1,0
1,6,15.0,6,14.333333333333334,20,6,6,127.0,7,133.1,0
0,0,0.0,0,0.0,45,5,6,151.5,5,133.1,0
1,20,13.5,20,13.5,28,23,23,126.8,23,130.0,3
1,7,11.347142857142858,7,12.444285714285714,18,8,7,125.6,11,128.0,0
0,3,11.333333333333334,3,10.666666666666666,23,5,5,127.8,7,140.0,0
1,5,12.4,6,12.666666666666666,22,6,6,131.3,6,140.0,0
1,5,14.833333333333334,5,13.2,33,5,5,155.7,6,120.0,0
1,11,12.181818181818182,10,12.7,21,12,12,128.5,14,130.0,0
1,5,14.8,5,14.833333333333334,45,5,5,170.0,5,100.0,0
0,1,12.0,4,11.5,44,7,10,100.0,8,133.1,0
0,0,0.0,0,0.0,42,6,6,107.2,0,110.0,0
0,0,0.0,0,0.0,20,5,5,139.3,0,147.0,0
1,6,12.5,6,14.714285714285714,20,6,6,122.3,6,137.0,0
0,7,10.428571428571429,4,10.5,26,10,8,128.5,16,120.0,0
1,5,12.5,6,15.0,31,6,6,150.0,11,133.1,0
1,6,14.0,6,12.666666666666666,19,6,6,136.1,6,142.0,0
1,6,13.666666666666666,6,13.166666666666666,28,6,6,128.0,6,100.0,0
1,0,0.0,0,0.0,20,0,0,158.1,0,149.0,0
1,6,12.5,6,13.0,43,6,6,108.7,6,110.0,0
0,0,0.0,0,0.0,25,0,0,110.0,0,133.1,0
0,1,15.0,2,10.0,40,6,6,120.0,10,133.1,0
1,5,13.375,6,13.333333333333334,20,6,6,150.0,16,150.0,0
1,6,13.333333333333334,3,12.333333333333334,46,6,6,113.0,6,133.1,0
1,14,11.642857142857142,20,13.181818181818182,26,14,21,118.6,18,121.0,0
1,7,13.071428571428571,6,12.513333333333334,34,8,7,148.8,9,133.1,0
0,0,0.0,0,0.0,19,6,6,120.3,0,122.0,0
1,7,13.585714285714284,7,13.585714285714284,18,8,8,127.0,8,143.0,0
1,8,11.425,7,11.155555555555557,18,8,7,113.8,10,123.0,0
1,5,12.0,6,11.857142857142858,37,6,7,108.0,7,120.0,0
1,0,0.0,0,0.0,23,0,0,129.1,0,114.0,0
1,13,13.615384615384617,14,14.0,26,13,14,135.9,13,114.0,0
0,0,0.0,5,12.0,18,6,6,154.4,0,154.4,0
1,8,13.0625,7,13.198571428571428,19,8,7,132.5,8,136.0,0
1,6,12.0,6,13.5,18,6,6,163.3,12,163.3,0
0,5,12.8,6,13.333333333333334,19,6,6,122.5,8,126.0,0
1,4,12.0,6,12.166666666666666,22,6,6,131.8,9,137.0,0
1,7,12.214285714285714,7,12.214285714285714,18,8,8,135.0,8,139.0,0
1,6,13.0,6,12.666666666666666,18,6,6,141.7,6,142.0,0
1,6,13.5,6,12.285714285714286,18,6,6,131.3,6,133.1,0
1,6,13.0,6,13.0,18,6,6,123.9,6,126.0,0
1,6,11.166666666666666,6,12.142857142857142,18,6,6,126.1,6,131.0,0
1,7,13.085714285714284,7,13.875714285714285,19,8,7,126.5,9,131.0,0
0,0,0.0,0,0.0,20,6,6,107.3,0,108.0,0
0,0,0.0,6,11.666666666666666,19,6,6,95.0,7,133.1,0
1,3,11.0,6,13.153846153846152,18,6,6,116.1,12,122.0,0
0,6,12.833333333333334,6,14.5,18,6,6,134.6,6,143.0,0
1,8,13.65625,7,14.44142857142857,18,8,7,128.0,8,135.0,0
1,6,14.285714285714286,6,15.166666666666666,18,6,6,144.2,7,148.0,0
1,4,12.625,5,11.6,18,5,5,129.5,12,134.0,0
1,6,12.333333333333334,6,11.666666666666666,18,6,6,116.8,6,122.0,0
1,6,13.2,6,12.625,20,6,6,160.0,10,160.0,0
1,6,11.0,3,12.666666666666666,19,6,6,127.1,7,126.0,0
1,6,13.142857142857142,6,11.857142857142858,19,6,6,112.9,8,115.0,0
1,6,15.833333333333334,6,14.714285714285714,19,6,6,121.6,6,130.0,0
1,5,13.0,6,13.5,20,6,6,130.0,9,130.0,0
1,5,12.4,4,11.5,18,5,5,121.7,5,135.0,0
0,0,0.0,2,14.0,33,5,5,120.0,5,120.0,0
0,0,0.0,6,12.833333333333334,19,6,7,143.5,6,148.0,0
1,8,14.75,7,13.428571428571429,18,8,7,128.3,8,136.0,0
0,0,0.0,0,0.0,19,6,6,111.9,0,108.0,0
1,6,14.333333333333334,6,16.0,18,6,6,137.6,7,153.0,0
1,6,11.833333333333334,6,13.833333333333334,20,6,6,135.0,6,135.0,0
1,8,13.2325,8,13.2325,19,8,8,133.8,9,146.0,1
1,6,14.166666666666666,6,14.0,18,6,6,126.9,6,130.0,0
0,0,0.0,2,10.0,19,6,6,106.7,6,113.0,0
1,11,12.272727272727272,15,13.333333333333334,25,13,16,145.7,13,145.7,0
1,6,11.5,6,12.5,19,6,6,118.7,6,126.0,0
0,0,0.0,2,10.5,33,5,5,161.8,5,160.0,0
1,5,11.4,4,12.0,19,5,5,130.0,6,130.0,0
0,6,13.5,6,14.0,18,6,6,136.8,6,156.0,0
1,5,12.6,6,13.5,18,6,6,130.9,8,141.0,0
1,8,13.07375,8,13.07375,18,8,8,127.0,8,143.0,0
0,0,0.0,2,10.75,37,7,7,120.0,9,133.1,0
1,6,13.333333333333334,6,14.0,20,6,6,153.8,6,172.0,0
1,6,13.428571428571429,6,12.333333333333334,21,6,6,140.0,7,140.0,0
1,8,14.788888888888888,7,13.464285714285714,18,8,7,136.6,9,142.0,0
1,6,14.666666666666666,6,13.666666666666666,18,6,6,140.0,6,148.0,0
1,8,14.4025,8,14.4025,18,8,8,130.8,9,137.0,1
1,8,16.3875,7,15.46875,31,8,7,138.8,8,143.0,0
1,6,14.166666666666666,6,12.625,23,6,6,110.0,6,133.1,0
1,6,14.983333333333334,6,14.983333333333334,19,7,7,127.8,7,138.0,0
1,6,13.0,6,15.0,20,6,6,134.2,6,138.0,0
1,7,14.142857142857142,9,15.88888888888889,40,7,9,143.0,7,150.0,0
0,3,11.0,4,11.5,32,6,6,120.0,14,120.0,0
0,1,10.0,2,10.5,24,6,6,113.2,11,110.0,0
1,6,13.983333333333334,6,13.983333333333334,18,7,7,135.8,7,146.0,0
1,6,12.833333333333334,6,13.0,18,6,6,143.5,6,148.0,0
1,6,13.0,6,13.666666666666666,18,6,6,148.9,6,145.0,0
0,0,0.0,0,0.0,27,6,6,115.6,8,133.1,0
1,5,15.4,5,14.4,18,5,5,159.3,5,160.0,0
1,6,13.666666666666666,6,14.166666666666666,19,6,6,133.2,7,130.0,0
1,6,12.0,5,12.2,19,6,6,117.6,7,120.0,0
0,2,10.5,3,12.333333333333334,20,6,6,122.6,11,120.0,0
0,0,0.0,0,0.0,30,6,6,100.0,6,133.1,0
1,10,11.615384615384617,9,10.88888888888889,21,10,9,130.0,18,130.0,0
0,8,11.675,6,12.166666666666666,26,8,7,122.8,8,120.0,0
1,6,12.166666666666666,6,12.666666666666666,18,6,6,145.9,6,135.0,0
0,5,12.2,5,11.4,21,6,6,143.0,8,133.1,0
0,0,0.0,0,0.0,18,0,0,100.0,0,145.0,0
0,5,12.8,6,13.5,19,6,6,125.1,8,138.0,0
1,6,12.833333333333334,6,12.285714285714286,19,6,6,120.8,7,126.0,0
0,0,0.0,0,0.0,19,5,5,114.0,8,121.0,1
0,1,13.0,2,10.5,19,6,6,132.1,11,152.0,0
1,5,12.0,3,14.0,27,5,5,160.0,8,160.0,1
1,5,12.2,5,14.2,22,5,5,134.0,10,134.0,0
0,6,13.142857142857142,5,13.0,18,6,6,124.2,7,128.0,0
1,4,12.75,6,11.0,20,6,6,115.6,8,125.0,0
0,2,10.0,3,11.0,34,7,8,128.2,7,130.0,0
1,8,13.755555555555556,6,12.385714285714286,18,8,7,132.8,9,138.0,0
1,4,12.25,4,14.75,20,6,6,123.1,7,121.0,0
1,5,15.833333333333334,5,16.166666666666668,20,5,5,125.6,6,134.0,0
0,0,0.0,0,0.0,25,5,5,115.0,8,130.0,0
0,3,13.0,5,12.4,18,5,5,123.6,9,126.0,0
0,4,13.0,5,11.6,18,6,6,141.7,11,148.0,0
0,0,0.0,5,12.2,18,6,6,139.0,13,160.0,0
1,5,12.8,5,11.0,19,6,6,118.0,7,118.0,0
0,5,12.4,6,12.333333333333334,19,6,6,142.0,7,150.0,0
1,6,12.571428571428571,6,14.833333333333334,21,6,6,143.4,7,140.0,0
1,6,11.833333333333334,6,12.0,20,6,6,105.1,6,110.0,0
1,10,12.6,11,12.727272727272728,21,11,13,138.0,11,140.0,0
0,1,11.0,2,10.5,34,1,2,114.7,1,133.1,0
1,6,12.0,6,12.333333333333334,20,6,6,130.5,6,140.0,0
0,1,12.0,0,0.0,24,5,5,134.3,7,110.0,0
1,8,14.38888888888889,7,14.842857142857143,18,8,7,137.5,9,148.0,0
0,1,12.0,2,11.0,28,5,5,152.1,12,130.0,0
0,0,0.0,4,10.75,20,6,6,126.1,12,132.0,0
1,8,12.55375,8,12.55375,22,8,8,136.0,9,130.0,1
1,7,12.665714285714284,7,12.665714285714284,19,8,8,124.3,8,128.0,0
0,0,0.0,2,11.75,26,5,7,136.1,10,133.1,0
0,0,0.0,3,11.0,21,6,6,115.1,14,120.0,0
1,0,0.0,0,0.0,18,0,0,143.6,0,145.0,0
1,5,12.2,5,13.4,18,5,5,115.8,6,127.0,0
1,17,12.117647058823527,17,12.578947368421051,22,17,17,149.0,20,135.0,0
0,0,0.0,0,0.0,36,5,5,100.0,0,133.1,0
1,6,11.5,6,12.0,20,6,6,133.4,8,125.0,0
0,0,0.0,3,12.333333333333334,20,6,6,122.8,9,127.0,0
0,3,13.5,4,11.5,25,5,5,151.2,11,133.1,0
1,5,13.833333333333334,5,12.8,35,6,6,137.0,11,150.0,0
0,0,0.0,0,0.0,22,0,0,118.0,0,133.1,0
0,2,12.0,4,11.8,20,6,6,130.0,15,130.0,0
0,2,13.5,6,11.333333333333334,50,11,13,112.5,11,133.1,0
0,5,12.002,5,12.002,20,8,8,118.3,12,125.0,1
0,1,11.0,5,15.2,35,6,6,140.0,9,140.0,0
1,6,14.166666666666666,6,13.142857142857142,19,6,6,109.0,8,110.0,0
0,0,0.0,0,0.0,43,5,5,110.0,5,133.1,0
1,7,13.867142857142856,7,13.867142857142856,19,8,8,119.8,11,124.0,0
1,6,12.675,6,12.675,25,8,8,130.0,11,114.0,0
1,0,0.0,0,0.0,19,0,0,167.3,0,155.0,0
0,0,0.0,0,0.0,22,0,0,136.0,0,133.1,0
0,5,12.2,6,11.0,19,6,6,124.0,6,125.0,0
0,4,11.333333333333334,4,10.75,32,5,5,132.9,11,120.0,0
1,6,14.166666666666666,5,14.2,57,6,6,154.0,6,100.0,0
0,4,11.575,4,12.6,20,7,7,115.0,7,133.1,0
0,0,0.0,0,0.0,38,5,5,96.0,5,120.0,0
1,5,14.166666666666666,5,14.0,45,5,5,168.2,6,120.0,0
0,4,12.25,2,10.0,43,6,6,140.0,12,110.0,0
1,6,13.125,6,13.833333333333334,19,6,6,137.4,8,144.0,0
0,1,11.0,2,11.0,49,5,5,150.0,5,133.1,0
0,0,0.0,4,12.25,34,5,6,148.5,5,133.1,0
1,5,13.666666666666666,5,13.8,43,5,5,138.7,6,120.0,0
0,1,11.0,3,12.0,21,6,6,117.2,9,120.0,0
1,6,11.555555555555555,4,13.75,19,6,6,125.3,10,134.0,0
0,2,13.15,0,0.0,43,8,7,140.0,13,110.0,0
1,5,15.4,5,13.833333333333334,31,5,5,124.0,7,130.0,0
1,5,16.8,5,15.8,34,5,5,127.0,5,150.0,0
1,12,12.52608695652174,12,12.52608695652174,30,14,14,110.0,26,100.0,1
0,0,0.0,6,12.783333333333331,36,8,7,170.0,11,133.1,0
0,1,10.0,0,0.0,46,5,5,120.0,5,120.0,0
1,3,10.666666666666666,3,13.0,22,5,5,130.0,8,133.1,0
0,0,0.0,0,0.0,27,6,6,130.0,10,130.0,0
0,0,0.0,0,0.0,31,5,4,120.0,5,140.0,0
0,0,0.0,2,12.0,21,6,6,132.8,0,145.0,0
0,2,11.0,4,10.75,21,5,5,100.0,10,133.1,3
1,4,13.5,5,11.6,19,5,5,121.8,10,127.0,3
1,4,11.6,5,11.8,20,5,5,109.5,8,114.0,0
1,6,15.166666666666666,6,16.0,18,6,6,138.3,6,140.0,0
1,6,11.5,6,12.666666666666666,18,6,6,131.6,6,140.0,0
0,0,0.0,0,0.0,34,6,6,101.5,6,133.1,0
0,8,12.75,5,12.6,20,9,7,123.9,10,123.9,1
1,7,13.4,7,13.4,18,8,8,143.0,8,157.0,0
0,0,0.0,0,0.0,21,0,0,126.3,0,127.0,0
0,0,0.0,1,10.0,26,6,6,113.3,6,120.0,0
0,0,0.0,0,0.0,20,5,5,119.9,5,130.0,5
0,4,11.2,3,11.25,25,6,6,140.0,14,140.0,0
0,1,14.0,3,10.666666666666666,24,5,5,100.0,5,143.0,0
1,5,13.4,4,11.75,20,5,5,132.4,5,125.0,0
0,0,0.0,0,0.0,20,5,5,137.1,5,136.0,0
1,6,14.125,6,12.666666666666666,18,6,6,138.1,8,157.0,0
1,6,15.666666666666666,5,14.0,22,6,6,109.7,6,116.0,0
0,0,0.0,0,0.0,41,6,6,128.2,12,113.0,0
0,0,0.0,2,11.5,19,5,5,117.8,10,130.0,0
1,5,12.8,6,12.0,21,6,6,150.0,12,150.0,0
0,6,16.666666666666668,6,16.428571428571427,30,6,6,160.0,7,110.0,0
1,7,13.207142857142856,5,13.336000000000002,21,8,7,104.5,9,101.0,0
1,6,14.0,7,14.666666666666666,21,6,7,100.0,8,133.1,0
1,7,14.115714285714288,7,14.115714285714288,18,8,8,132.5,8,138.0,0
1,6,13.11111111111111,6,14.857142857142858,19,6,6,123.3,10,138.0,0
1,6,13.714285714285714,6,13.833333333333334,18,6,6,128.9,10,141.0,0
0,2,12.0,2,10.0,18,5,5,120.1,14,133.0,0
1,6,12.415,6,12.415,24,8,8,160.0,15,100.0,0
1,6,13.428571428571429,5,14.428571428571429,23,6,6,150.0,7,150.0,0
1,7,14.312857142857142,7,14.312857142857142,18,8,8,124.0,8,129.0,0
1,5,13.4,4,12.0,20,5,5,120.4,6,133.0,0
1,6,13.714285714285714,6,13.833333333333334,18,6,6,131.6,7,133.0,0
1,6,12.142857142857142,6,12.166666666666666,20,6,6,104.2,7,107.0,0
1,5,13.6,5,13.2,22,6,6,121.7,7,136.0,0
1,6,15.4,6,15.4,20,7,7,126.0,7,125.0,0
1,8,15.925,7,13.385714285714286,19,8,7,128.4,8,137.0,0
0,4,11.0,6,10.857142857142858,18,6,6,134.9,10,144.0,0
1,5,12.0,5,11.333333333333334,18,5,5,143.9,8,146.0,0
1,5,13.6,4,14.5,19,5,5,145.0,5,145.0,0
1,6,12.375,6,14.166666666666666,19,6,6,132.0,8,126.0,0
1,6,12.0,6,12.833333333333334,24,6,6,136.1,8,141.0,0
1,6,14.5,6,13.333333333333334,21,6,6,138.9,6,141.0,0
1,6,14.571428571428571,6,13.666666666666666,20,6,6,102.0,7,133.1,0
0,5,11.0,6,10.833333333333334,28,6,6,123.0,7,133.1,0
1,6,13.142857142857142,6,13.428571428571429,21,6,6,137.5,8,127.0,0
0,0,0.0,0,0.0,36,6,6,105.3,10,130.0,0
0,0,0.0,0,0.0,42,5,4,130.0,0,110.0,0
0,5,11.6,4,11.5,47,5,5,122.5,6,150.0,1
0,0,0.0,0,0.0,25,5,5,112.0,5,160.0,0
1,6,13.5,6,14.142857142857142,25,6,6,110.0,6,170.0,0
0,0,0.0,0,0.0,48,5,6,149.5,6,133.1,0
1,10,12.8,10,13.8,32,10,10,141.0,10,120.0,0
0,5,13.6,10,13.6,38,10,10,130.0,10,130.0,0
1,9,11.88888888888889,15,11.733333333333333,37,11,16,130.0,17,130.0,0
0,1,10.0,1,10.0,26,5,5,104.0,9,120.0,0
0,0,0.0,0,0.0,23,6,6,110.0,6,110.0,0
0,7,13.30625,6,13.046666666666669,26,8,7,127.0,10,150.0,0
1,7,13.285714285714286,10,11.8,26,7,11,130.0,7,133.1,0
1,8,13.11,8,13.11,18,8,8,127.5,8,145.0,0
1,7,14.414285714285716,7,14.414285714285716,27,8,8,130.0,8,130.0,0
0,0,0.0,0,0.0,24,5,5,115.0,10,115.0,0
1,5,12.2,5,12.333333333333334,20,5,5,126.8,7,124.0,0
0,1,10.0,0,0.0,18,7,7,116.7,8,124.0,0
1,8,13.3125,7,14.1,18,8,7,128.5,8,134.0,0
1,8,13.045,8,13.045,18,8,8,127.5,8,137.0,0
1,8,14.2525,8,14.2525,19,8,8,148.8,8,136.0,0
1,7,15.075714285714286,7,15.075714285714286,18,8,8,127.3,8,142.0,0
1,12,13.214285714285714,17,13.15,23,12,17,130.0,22,130.0,0
1,5,11.8,5,12.333333333333334,21,6,6,121.7,7,136.0,0
1,8,13.122222222222222,7,13.778571428571428,18,8,7,122.7,10,137.0,0
0,1,11.0,3,10.333333333333334,20,6,6,129.2,14,125.0,0
1,6,12.375,6,13.571428571428571,18,6,6,136.3,11,152.0,0
1,7,13.428571428571429,11,12.75,29,7,11,114.9,7,125.0,0
0,1,12.0,3,13.0,28,6,6,102.0,15,133.1,0
0,0,0.0,0,0.0,24,6,6,130.9,9,148.0,0
0,0,0.0,0,0.0,33,0,0,100.0,0,133.1,0
0,1,11.0,2,12.5,19,5,5,112.9,13,115.0,0
1,6,14.142857142857142,6,14.857142857142858,19,6,6,112.7,8,120.0,0
1,7,11.571428571428571,8,12.0,37,7,9,143.0,8,133.1,0
1,0,0.0,0,0.0,18,0,0,155.1,0,168.0,0
1,8,12.6875,7,12.828571428571427,37,8,7,146.6,8,133.1,0
0,0,0.0,0,0.0,36,8,7,141.0,0,137.0,0
1,5,14.0,6,13.333333333333334,19,6,6,120.6,8,123.0,0
1,14,13.072857142857144,14,13.072857142857144,33,14,14,110.0,20,150.0,6
0,3,11.0,5,12.0,34,7,7,108.6,7,120.0,0
1,6,16.0,6,15.5,18,6,6,134.9,6,145.0,0
0,0,0.0,0,0.0,20,6,6,120.0,6,120.0,0
1,6,15.166666666666666,6,14.714285714285714,19,6,6,141.3,6,142.0,0
1,6,15.333333333333334,6,16.714285714285715,20,6,6,135.6,6,147.0,0
1,6,11.666666666666666,6,10.857142857142858,19,6,6,121.5,7,125.0,0
1,6,12.416666666666666,6,11.658333333333331,19,8,7,125.0,11,126.0,0
1,6,12.0,5,11.6,22,6,6,119.1,7,132.0,0
1,6,12.666666666666666,6,12.166666666666666,18,6,6,116.7,8,123.0,0
1,6,12.833333333333334,6,12.5,19,6,6,124.9,6,128.0,0
0,5,12.56,5,12.56,31,7,7,114.0,8,100.0,0
1,8,14.23125,7,13.19,18,8,7,131.1,8,140.0,0
1,4,11.25,3,11.0,19,6,6,129.3,9,145.0,0
1,0,0.0,0,0.0,18,0,0,129.7,0,143.0,0
1,6,11.714285714285714,5,11.6,19,6,6,120.8,10,132.0,0
1,6,14.266666666666666,6,14.266666666666666,19,7,7,135.0,7,130.0,0
1,7,12.428571428571429,9,12.666666666666666,30,7,10,130.0,7,124.4,1
1,7,12.771428571428572,7,12.771428571428572,18,8,8,130.8,11,144.0,0
0,0,0.0,0,0.0,21,5,5,111.9,5,121.0,0
1,6,13.571428571428571,6,15.5,19,6,6,145.9,7,150.0,0
0,4,13.75,6,11.333333333333334,19,6,6,113.5,12,117.0,0
1,5,13.4,6,13.333333333333334,19,6,6,135.4,10,121.0,0
1,2,10.0,4,12.333333333333334,39,5,5,130.2,14,140.0,4
0,0,0.0,0,0.0,20,0,0,126.9,0,130.0,0
1,4,11.6,5,12.6,19,5,5,119.8,9,131.0,0
1,5,13.6,6,14.857142857142858,24,6,6,130.0,10,133.1,0
1,11,13.181818181818182,12,11.916666666666666,34,13,15,138.0,13,130.0,0
0,0,0.0,0,0.0,46,5,5,114.6,5,110.0,0
0,0,0.0,0,0.0,37,5,5,140.0,5,140.0,0
1,6,15.5,6,17.0,18,6,6,134.7,6,148.0,0
1,13,11.384615384615383,19,12.210526315789474,46,13,19,104.8,13,140.0,0
1,5,12.857142857142858,6,13.0,30,6,6,126.5,9,160.0,0
0,0,0.0,0,0.0,37,5,5,118.1,0,130.0,0
1,6,12.714285714285714,6,13.571428571428571,20,6,6,160.0,9,160.0,0
0,0,0.0,1,14.0,39,2,3,100.5,4,133.1,0
0,0,0.0,0,0.0,53,4,5,110.0,5,133.1,0
0,10,11.1,13,12.461538461538462,54,13,15,100.0,13,100.0,1
1,5,13.0,4,14.4,19,6,6,140.0,6,140.0,0
0,0,0.0,0,0.0,20,6,6,109.0,0,109.0,0
1,6,14.166666666666666,6,14.333333333333334,18,6,6,120.9,6,130.0,0
1,11,10.727272727272728,11,11.909090909090908,21,11,13,125.8,14,130.0,0
1,6,14.375,6,13.714285714285714,18,6,6,161.2,8,164.0,0
0,0,0.0,0,0.0,19,8,7,122.0,0,125.0,0
0,7,12.2375,5,13.46,18,7,7,127.9,8,137.0,0
1,6,13.333333333333334,6,15.0,19,6,6,135.8,6,133.0,0
0,0,0.0,0,0.0,18,0,0,149.7,0,163.0,0
1,5,12.8,5,13.4,19,6,6,137.3,6,160.0,0
1,4,13.75,4,11.25,34,6,6,110.0,8,120.0,0
1,5,11.6,5,12.6,18,5,5,146.4,7,140.0,0
1,6,11.833333333333334,6,12.666666666666666,50,6,6,121.0,6,140.0,0
1,19,12.105263157894736,21,12.333333333333334,41,19,21,125.2,19,140.0,0
0,5,11.0,5,12.0,22,6,6,119.6,11,115.0,0
1,5,16.6,5,16.4,43,5,5,142.8,5,140.0,0
0,0,0.0,0,0.0,50,6,1,123.5,0,133.1,0
1,4,14.75,6,12.75,60,6,6,100.0,6,133.1,0
1,5,14.4,5,14.8,47,5,5,150.3,5,133.1,0
1,17,11.5,17,10.36842105263158,22,17,17,128.2,18,116.0,0
0,0,0.0,0,0.0,41,8,7,114.3,0,110.0,0
1,13,12.384615384615383,13,12.692307692307692,32,15,15,120.0,22,120.0,0
0,0,0.0,0,0.0,50,5,5,110.7,0,133.1,0
0,0,0.0,0,0.0,54,5,7,169.2,10,133.1,0
0,8,11.875,11,13.0,34,13,12,100.0,22,133.1,0
0,3,11.666666666666666,4,12.5,45,6,6,144.5,8,133.1,0
1,4,11.25,5,12.2,47,6,6,134.5,10,133.1,0
0,2,12.0,1,10.0,33,5,5,113.4,13,133.1,0
1,6,11.5,6,12.333333333333334,43,6,6,128.0,8,140.0,0
1,12,15.23076923076923,13,14.307692307692308,54,12,13,120.0,15,120.0,0
1,8,13.5,11,14.454545454545457,39,8,11,147.5,8,130.0,0
1,5,13.2,5,11.0,39,5,5,120.7,5,120.0,0
1,6,12.833333333333334,6,13.142857142857142,18,6,6,153.7,6,153.0,0
1,6,11.857142857142858,6,13.75,19,6,6,121.9,7,131.0,0
1,5,13.8,6,14.0,18,6,6,119.4,9,126.0,0
1,6,12.5,8,13.75,44,6,8,157.8,9,110.0,0
0,0,0.0,0,0.0,27,5,5,154.0,6,150.0,0
1,6,12.428571428571429,6,13.166666666666666,18,6,6,135.9,8,131.0,0
0,6,12.0,9,12.444444444444445,45,7,12,130.0,8,130.0,0
1,5,13.0,6,12.666666666666666,20,6,6,118.9,7,122.0,0
1,6,10.5,6,11.333333333333334,40,6,6,152.4,7,151.0,0
1,8,14.575,7,13.6125,18,8,7,100.0,8,136.0,0
1,7,12.414285714285716,7,12.414285714285716,21,8,8,129.0,8,140.0,0
1,0,0.0,0,0.0,20,0,0,148.9,0,131.0,0
0,0,0.0,0,0.0,27,6,5,170.0,0,170.0,0
1,8,13.125,7,11.0,32,8,7,130.0,8,100.0,0
1,6,13.5,6,14.0,18,6,6,119.2,6,116.0,0
0,3,12.0,4,12.0,37,6,6,129.0,10,133.1,0
1,6,12.5,6,12.5,19,6,6,132.5,7,136.0,0
1,6,11.333333333333334,6,11.333333333333334,41,6,6,115.0,9,160.0,0
1,6,14.066666666666668,6,14.066666666666668,18,7,7,128.0,7,140.0,0
1,7,13.571428571428571,8,13.555555555555555,21,7,9,125.1,10,130.0,0
0,4,12.25,5,11.6,23,6,6,140.0,11,140.0,0
0,0,0.0,0,0.0,18,6,6,120.9,0,123.0,0
1,8,13.27625,8,13.27625,18,8,8,135.3,8,143.0,0
0,0,0.0,0,0.0,21,6,6,125.2,0,133.1,0
1,6,14.75,6,14.375,19,6,6,135.7,8,136.0,0
0,0,0.0,0,0.0,47,5,5,110.0,0,133.1,0
1,10,14.5,12,13.416666666666666,39,10,13,110.0,10,110.0,0
1,7,12.321428571428571,6,12.97166666666667,19,8,7,115.2,9,118.0,0
0,12,11.833333333333334,14,10.928571428571429,38,14,15,112.9,16,110.0,0
0,0,0.0,0,0.0,27,6,6,119.4,7,133.1,0
1,0,0.0,0,0.0,18,0,0,152.9,0,162.0,0
0,5,12.4,6,11.333333333333334,48,6,6,98.5,11,133.1,0
0,0,0.0,1,11.0,25,5,5,108.0,5,150.0,0
1,7,12.757142857142856,7,12.757142857142856,32,8,8,120.0,9,133.1,0
1,6,14.666666666666666,6,14.5,18,6,6,150.2,6,154.0,0
1,6,14.571428571428571,6,13.833333333333334,20,6,6,139.2,7,140.0,0
1,5,10.4,4,11.25,20,5,5,130.0,7,158.0,0
0,0,0.0,0,0.0,20,0,0,115.7,0,122.0,0
0,2,12.5,0,0.0,39,5,5,118.1,5,133.1,0
0,0,0.0,1,13.0,29,5,5,119.1,14,132.0,8
0,0,0.0,0,0.0,36,5,5,111.9,5,130.0,0
1,7,11.971428571428572,7,11.971428571428572,18,8,8,130.5,12,144.0,0
0,0,0.0,0,0.0,51,6,6,135.0,11,133.1,1
0,4,12.25,1,16.0,23,6,6,130.0,8,133.1,0
0,0,0.0,0,0.0,21,6,6,150.0,0,150.0,0
0,0,0.0,4,12.75,28,5,6,150.2,5,150.0,5
0,0,0.0,0,0.0,41,6,2,107.5,0,100.0,0
1,6,12.333333333333334,5,12.2,43,6,6,130.0,6,100.0,0
1,11,13.583333333333334,12,14.5,19,11,12,160.1,15,145.0,0
1,11,13.833333333333334,6,13.0,26,12,12,140.0,14,130.0,0
1,8,12.75,7,11.714285714285714,18,8,7,110.7,8,118.0,0
0,3,13.0,4,10.25,45,7,7,138.3,10,133.1,0
0,0,0.0,0,0.0,19,6,6,150.0,0,150.0,0
1,6,13.142857142857142,6,12.375,20,6,6,112.3,7,113.0,0
1,6,12.0,6,12.666666666666666,18,6,6,122.0,6,136.0,0
0,1,12.0,3,10.5,27,6,6,141.7,19,140.0,0
1,5,12.6,6,14.125,20,6,6,118.4,10,131.0,0
1,6,13.833333333333334,6,14.666666666666666,18,6,6,128.7,12,138.0,0
0,0,0.0,0,0.0,26,0,0,100.8,0,140.0,0
1,5,14.8,6,14.0,39,6,6,125.5,7,120.0,0
1,0,0.0,0,0.0,18,0,0,124.0,0,139.0,0
0,0,0.0,0,0.0,36,7,7,130.0,7,130.0,7
1,8,11.0,11,12.636363636363637,38,8,11,160.5,8,110.0,0
0,2,11.0,3,12.333333333333334,45,6,6,100.0,13,133.1,0
1,6,12.833333333333334,6,15.0,62,6,6,103.0,10,133.1,0
1,6,12.666666666666666,4,11.75,20,6,6,103.0,10,133.1,0
1,7,14.13714285714286,7,14.13714285714286,18,8,8,131.5,8,139.0,0
0,1,11.0,2,12.0,18,6,6,121.4,6,134.0,0
1,4,11.5,5,10.8,23,5,5,137.3,9,160.0,0
0,6,12.5,6,13.285714285714286,19,6,6,138.4,8,124.0,0
1,5,12.6,5,13.6,19,5,5,131.1,5,137.0,0
1,8,14.1875,7,13.55,18,8,7,100.0,8,157.0,0
1,6,11.166666666666666,4,13.5,41,6,6,100.0,7,100.0,0
1,5,14.2,5,11.6,51,6,6,159.0,9,130.0,0
1,4,12.6,10,12.5,24,7,10,120.6,9,133.1,0
0,2,12.666666666666666,1,11.0,25,5,5,134.0,11,120.0,4
1,3,12.333333333333334,4,11.6,20,5,5,116.5,10,128.0,0
0,0,0.0,0,0.0,19,0,0,113.9,0,124.0,0
1,10,14.6,10,14.636363636363637,41,10,10,130.0,13,130.0,0
1,6,12.166666666666666,6,13.0,19,6,6,129.9,6,132.0,0
0,16,13.875,14,12.785714285714286,28,17,18,133.7,18,133.1,0
1,5,12.0,6,14.5,21,6,6,124.8,7,129.0,0
0,4,12.75,4,14.6,22,5,5,133.6,5,135.0,1
1,6,12.166666666666666,6,12.5,18,6,6,133.5,6,138.0,0
1,6,13.125,6,14.0,19,6,6,128.0,8,135.0,0
1,8,14.575,7,13.801428571428572,19,8,7,127.2,8,131.0,0
1,6,13.666666666666666,6,14.428571428571429,25,6,6,150.0,7,150.0,0
1,6,14.35,6,14.35,18,7,7,127.8,7,133.0,0
1,6,13.5,6,14.333333333333334,19,6,6,125.2,6,135.0,0
1,6,11.833333333333334,6,13.333333333333334,46,6,6,100.0,6,100.0,0
1,11,13.25,12,13.0,19,11,12,151.4,14,158.0,0
1,4,13.0,6,14.5,18,6,6,163.3,11,172.0,0
1,7,11.82,7,11.82,19,8,8,118.0,8,123.0,0
0,0,0.0,0,0.0,20,6,6,140.2,0,144.0,0
1,6,12.666666666666666,5,12.4,38,6,6,128.5,7,140.0,0
1,6,11.857142857142858,6,12.571428571428571,18,6,6,131.5,8,136.0,0
1,8,14.9,7,13.857142857142858,18,8,7,132.6,8,137.0,0
1,5,13.8,5,11.833333333333334,18,6,6,122.1,7,128.0,0
1,6,13.666666666666666,6,14.666666666666666,19,6,6,133.0,8,130.0,0
0,0,0.0,0,0.0,37,5,4,127.0,10,138.0,0
1,7,12.18888888888889,7,13.422222222222224,19,8,7,136.4,11,139.0,0
0,5,12.2,6,14.0,19,6,6,129.0,8,136.0,0
0,8,13.375,7,12.142857142857142,19,8,7,119.0,8,126.0,0
1,5,13.0,5,12.8,18,5,5,128.0,5,135.0,0
1,8,14.955555555555556,7,14.572857142857142,18,8,7,117.1,9,122.0,0
1,4,11.0,4,11.25,18,5,5,136.3,6,137.0,0
0,4,14.6,5,14.4,18,6,6,130.7,11,137.0,0
1,8,14.4625,7,12.982857142857142,20,8,7,115.2,8,125.0,0
1,6,13.0,6,15.75,20,6,6,130.2,8,141.0,0
0,3,14.0,5,12.285714285714286,18,6,6,128.5,19,132.0,1
1,7,13.571428571428571,6,13.755,20,8,7,95.0,9,133.1,0
1,6,13.5,6,13.833333333333334,18,6,6,119.4,11,132.0,0
0,0,0.0,0,0.0,19,8,7,123.5,0,142.0,0
1,8,14.627777777777778,7,14.711111111111112,18,8,7,133.9,9,136.0,0
1,9,13.7,11,14.615384615384617,20,9,11,145.2,11,150.0,0
1,8,14.533333333333331,7,13.677142857142858,18,8,7,118.8,9,130.0,0
1,5,12.8,5,13.166666666666666,19,5,5,123.4,5,136.0,0
1,5,11.333333333333334,5,10.8,19,6,6,123.0,12,138.0,0
1,5,12.833333333333334,3,12.0,19,5,5,118.4,7,131.0,0
1,8,14.71875,6,13.958333333333334,18,8,7,131.6,8,147.0,0
0,4,12.25,4,13.0,19,6,6,122.3,9,140.0,0
1,0,0.0,0,0.0,24,0,0,151.7,0,152.0,0
1,0,0.0,0,0.0,18,0,0,176.0,0,169.0,0
1,7,14.0,7,14.0,18,8,8,133.0,8,149.0,0
0,3,11.333333333333334,4,12.0,19,6,6,119.6,11,122.0,0
1,7,14.0,8,13.625,35,7,8,134.0,7,130.0,0
1,4,10.0,4,12.5,19,5,5,132.0,8,145.0,1
0,11,11.909090909090908,14,12.428571428571429,28,14,15,130.0,22,130.0,0
1,8,15.9,7,13.3875,21,8,7,141.4,8,157.0,0
1,8,12.205555555555556,6,12.648333333333332,19,8,7,128.9,9,135.0,0
1,6,13.333333333333334,6,14.0,19,6,6,118.1,6,123.0,0
1,5,11.857142857142858,5,12.8,18,5,5,130.6,10,139.0,1
1,6,10.833333333333334,6,11.333333333333334,18,6,6,122.0,11,136.0,0
0,0,0.0,0,0.0,19,8,7,123.0,0,135.0,0
1,6,13.0,6,14.166666666666666,20,6,6,126.7,9,126.0,0
1,6,13.833333333333334,6,12.833333333333334,18,6,6,126.6,6,122.0,0
0,6,11.833333333333334,4,12.0,19,7,7,125.4,9,125.0,0
0,6,13.142857142857142,6,13.0,20,6,6,136.1,7,134.0,0
1,5,13.6,6,12.333333333333334,18,6,6,111.1,8,110.0,0
1,6,11.625,6,12.571428571428571,21,6,6,135.9,8,131.0,0
1,6,12.833333333333334,6,12.333333333333334,19,6,6,119.6,6,122.0,0
1,4,10.75,5,13.0,19,6,6,116.7,8,123.0,0
0,5,14.2,6,13.166666666666666,18,6,6,134.2,8,137.0,0
1,5,13.6,5,13.333333333333334,18,5,5,123.0,6,130.0,0
1,5,13.142857142857142,4,13.0,18,5,5,123.9,8,127.0,0
0,3,11.7,5,10.9,31,8,7,120.0,21,160.0,1
1,6,16.0,6,15.857142857142858,20,6,6,123.0,6,138.0,0
0,3,13.0,5,12.6,19,5,5,122.3,9,137.0,0
1,6,14.571428571428571,6,14.0,19,6,6,122.8,7,127.0,0
0,2,13.0,3,14.666666666666666,27,5,5,160.0,7,160.0,2
1,6,14.0,6,13.666666666666666,18,6,6,120.1,6,132.0,0
0,0,0.0,0,0.0,32,6,6,142.4,0,126.0,0
1,7,12.628571428571428,7,12.628571428571428,18,8,8,127.3,8,133.0,0
1,7,14.232857142857142,7,14.232857142857142,19,8,8,125.5,8,140.0,0
0,0,0.0,2,10.0,18,6,6,122.0,12,129.0,0
0,4,11.0,4,12.25,18,6,6,107.5,10,110.0,0
1,6,13.0,6,13.5,24,6,6,104.0,6,133.1,0
1,6,11.5,5,12.2,19,6,6,133.1,7,132.0,0
0,0,0.0,0,0.0,21,6,6,113.3,0,115.0,0
1,8,12.75,6,12.0,19,9,7,130.0,9,130.0,0
1,5,12.5,6,12.35,36,7,7,105.0,12,140.0,0
0,0,0.0,0,0.0,51,6,6,144.0,0,133.1,0
0,0,0.0,0,0.0,29,5,6,107.5,5,133.1,0
0,5,12.0,5,11.6,27,6,6,127.4,9,130.0,0
0,9,12.22222222222222,12,11.75,57,14,15,120.0,16,120.0,0
0,3,13.666666666666666,3,11.333333333333334,26,5,5,120.0,7,100.0,0
1,4,12.25,5,10.8,19,5,5,118.2,5,129.0,0
0,2,13.5,5,12.5,23,6,6,160.0,8,160.0,0
1,5,14.166666666666666,5,15.2,27,5,5,152.4,6,120.0,0
1,8,12.575,7,13.314285714285717,20,8,7,116.6,8,122.0,0
1,11,12.083333333333334,11,13.090909090909092,19,11,12,141.6,12,143.0,0
0,0,0.0,0,0.0,19,6,6,105.5,0,110.0,0
1,6,11.5,5,12.2,20,6,6,116.3,6,124.0,0
1,14,12.428571428571429,15,11.2,22,14,15,119.5,15,130.0,0
1,4,12.0,3,12.333333333333334,18,5,5,125.0,7,139.0,0
1,7,15.94285714285714,7,15.94285714285714,27,8,8,160.0,8,140.0,0
0,0,0.0,0,0.0,27,5,5,150.0,0,150.0,0
1,6,10.714285714285714,4,10.25,19,6,6,115.0,8,123.0,0
1,6,12.5,6,14.166666666666666,23,6,6,112.8,6,100.0,0
1,20,14.575,20,14.575,22,23,23,131.0,23,148.0,3
0,0,0.0,1,10.0,18,6,6,121.6,6,130.0,0
1,6,11.428571428571429,6,12.285714285714286,18,6,6,110.0,8,118.0,0
1,6,12.333333333333334,6,14.0,31,6,6,148.5,6,120.0,0
0,0,0.0,4,11.25,19,6,6,118.3,0,119.0,0
0,0,0.0,1,12.0,24,6,6,115.8,12,127.0,0
1,8,13.32625,7,13.47,19,8,7,121.2,8,134.0,0
1,5,12.8,5,12.4,19,5,5,136.2,5,133.0,0
0,4,11.5,3,11.75,26,6,6,100.2,11,133.1,3
0,0,0.0,0,0.0,27,0,0,152.7,0,180.0,0
1,6,12.428571428571429,6,12.0,19,6,6,123.1,7,129.0,0
0,5,15.4,5,15.333333333333334,29,5,5,130.0,6,120.0,0
1,8,12.32,8,12.32,18,8,8,125.0,8,141.0,0
1,8,14.75625,7,13.79857142857143,19,8,7,113.1,8,118.0,0
1,5,15.4,5,16.333333333333332,18,5,5,162.3,5,177.0,0
0,0,0.0,0,0.0,19,0,0,132.0,0,132.0,0
1,8,15.366666666666667,7,14.757142857142856,19,8,7,130.7,9,133.0,0
0,6,12.333333333333334,6,11.666666666666666,19,6,6,122.3,6,124.0,0
1,6,11.5,6,11.666666666666666,19,6,6,118.2,6,128.0,0
1,6,13.333333333333334,6,15.0,19,6,6,133.5,6,138.0,0
0,0,0.0,0,0.0,18,8,7,126.8,0,144.0,0
1,6,13.333333333333334,6,13.571428571428571,20,6,6,121.0,6,122.0,0
1,4,11.5,5,10.8,20,6,6,117.7,9,111.0,0
0,6,12.833333333333334,5,11.4,31,10,10,129.2,10,120.0,0
1,8,11.55,7,10.642857142857142,20,8,7,125.8,8,135.0,0
1,6,14.65,6,14.65,18,7,7,142.0,7,147.0,0
1,8,14.863636363636363,7,13.714285714285714,19,8,7,126.7,11,137.0,0
1,13,12.071428571428571,15,12.266666666666667,30,13,16,109.3,14,117.0,0
1,5,15.4,5,11.0,19,5,5,121.7,6,128.0,0
1,5,13.0,5,13.8,22,5,5,117.1,5,115.0,0
1,6,12.833333333333334,6,12.666666666666666,18,6,6,114.4,6,121.0,0
1,5,12.0,6,11.75,18,6,6,133.0,10,134.0,0
1,7,12.785714285714286,7,12.785714285714286,19,8,8,118.8,8,126.0,0
1,6,13.333333333333334,6,14.444444444444445,18,6,6,151.0,6,151.0,0
1,0,0.0,0,0.0,20,0,0,149.9,0,138.0,0
1,4,11.75,4,12.75,18,5,5,120.1,10,133.0,0
1,6,16.5,6,16.857142857142858,25,6,6,173.3,6,150.0,0
1,6,15.0,6,13.166666666666666,19,6,6,126.2,6,136.0,0
1,6,14.285714285714286,6,16.5,26,6,6,157.4,8,128.0,0
1,5,11.6,4,11.75,21,5,5,120.2,6,131.0,0
0,0,0.0,1,11.0,19,5,5,124.8,6,130.0,0
1,7,15.114285714285714,7,15.114285714285714,19,8,8,130.3,8,150.0,0
1,6,14.285714285714286,6,15.5,18,6,6,152.4,7,165.0,0
1,8,12.0,7,11.142857142857142,32,10,10,113.5,10,133.1,0
1,6,11.333333333333334,6,11.333333333333334,18,6,6,125.7,8,126.0,0
1,4,10.75,5,10.6,39,5,5,120.0,7,100.0,0
0,0,0.0,0,0.0,18,0,0,162.2,0,159.0,0
1,6,13.833333333333334,6,15.666666666666666,18,6,6,155.7,6,177.0,0
1,11,15.0,12,15.333333333333334,21,11,12,147.7,15,156.0,0
1,8,11.25,9,12.0,21,12,14,125.0,21,125.0,0
0,2,10.0,3,10.333333333333334,22,5,5,129.8,11,127.0,0
1,0,0.0,0,0.0,21,0,0,117.3,0,125.0,0
1,5,11.8,6,12.857142857142858,20,6,6,126.5,8,138.0,0
1,7,14.328571428571427,7,14.328571428571427,19,8,8,123.0,8,136.0,0
1,6,16.333333333333332,6,15.0,20,6,6,127.7,6,142.0,0
1,5,12.4,5,13.6,19,5,5,117.5,5,129.0,0
1,4,13.25,5,12.857142857142858,18,5,5,128.4,8,134.0,0
0,1,10.0,2,14.5,18,6,6,124.1,6,123.0,0
0,3,10.5,3,10.666666666666666,24,5,5,140.9,7,150.0,0
0,6,11.333333333333334,6,13.428571428571429,21,6,6,126.2,8,129.0,0
1,4,10.868,7,11.716666666666663,18,8,7,120.5,13,134.0,0
1,5,12.8,4,12.0,20,5,5,121.1,5,127.0,0
0,4,10.75,5,13.2,20,6,6,123.7,8,123.0,0
0,4,12.25,5,12.2,18,6,6,116.9,10,127.0,0
1,6,12.157142857142857,5,12.58,25,7,7,100.0,9,133.1,0
0,0,0.0,0,0.0,35,7,7,153.8,8,120.0,0
1,8,14.0,6,12.428571428571429,19,8,7,120.1,8,133.0,0
0,6,13.0,6,13.0,18,6,6,128.1,6,133.0,0
1,7,14.535714285714286,7,14.535714285714286,19,8,8,126.8,8,143.0,0
1,6,13.666666666666666,6,16.0,18,6,6,146.2,6,157.0,0
0,3,12.666666666666666,5,13.142857142857142,24,6,6,140.0,15,133.1,0
1,8,11.142857142857142,11,11.6875,25,10,14,134.5,20,145.0,0
1,5,13.666666666666666,6,13.833333333333334,19,6,6,107.5,12,111.0,0
0,0,0.0,0,0.0,19,5,5,112.2,0,116.0,0
0,0,0.0,0,0.0,30,5,5,128.2,5,133.1,5
0,0,0.0,0,0.0,19,7,7,126.8,8,135.0,0
0,0,0.0,1,10.0,21,5,5,132.1,5,145.0,0
0,0,0.0,0,0.0,19,0,0,110.0,0,118.0,0
0,0,0.0,0,0.0,29,6,6,100.0,6,130.0,0
0,4,13.0,4,12.6,18,6,6,114.3,6,115.0,0
0,4,11.25,7,12.375,20,7,7,116.9,8,120.0,0
0,0,0.0,0,0.0,18,6,6,127.0,0,120.0,0
1,3,12.666666666666666,5,12.6,19,5,5,120.0,8,127.0,0
0,0,0.0,0,0.0,35,6,6,110.0,6,110.0,0
1,7,12.84142857142857,7,12.84142857142857,20,8,8,127.0,8,148.0,0
0,0,0.0,0,0.0,33,5,6,159.5,5,170.0,0
1,6,12.833333333333334,6,14.166666666666666,18,6,6,135.2,6,146.0,0
0,3,11.0,4,10.8,19,6,6,118.0,14,125.0,0
0,0,0.0,6,13.0,18,6,6,123.6,12,139.0,0
0,0,0.0,0,0.0,28,5,5,111.0,0,133.1,0
1,5,13.333333333333334,5,13.0,18,5,5,144.6,6,146.0,0
0,6,11.571428571428571,6,11.571428571428571,25,6,6,111.8,9,109.0,0
0,5,11.0,4,11.5,19,6,6,122.1,6,135.0,0
1,4,10.75,5,11.0,18,6,6,119.9,6,122.0,0
1,6,15.571428571428571,6,17.11111111111111,29,6,6,130.0,9,130.0,0
1,6,12.166666666666666,6,12.571428571428571,20,6,6,112.6,6,115.0,0
0,0,0.0,0,0.0,20,6,6,150.0,8,150.0,0
1,6,15.166666666666666,6,14.5,18,6,6,165.8,6,170.0,0
1,6,12.333333333333334,6,13.5,21,6,6,101.7,6,102.0,0
0,2,10.0,5,11.2,18,6,6,124.3,14,140.0,0
1,4,12.25,3,10.666666666666666,20,5,5,122.1,5,135.0,0
0,0,0.0,0,0.0,26,5,1,154.5,8,140.0,0
0,0,0.0,1,10.0,19,5,5,128.8,5,147.0,0
0,5,12.0,5,12.36,24,8,7,106.0,15,140.0,0
1,6,14.714285714285714,6,15.25,20,6,6,146.2,7,157.0,0
0,0,0.0,0,0.0,26,5,5,116.9,6,120.0,0
0,4,12.25,1,13.0,31,5,5,118.2,9,133.1,0
1,8,13.81375,8,13.81375,27,8,8,105.7,8,140.0,0
1,6,12.875,6,13.285714285714286,24,6,6,126.9,13,130.0,0
1,8,13.044444444444444,7,11.9625,20,8,7,108.4,9,115.0,0
1,6,13.116666666666667,6,13.683333333333332,20,8,7,114.2,11,118.0,0
1,7,14.985714285714286,7,14.985714285714286,24,8,8,140.0,8,130.0,0
1,5,12.6,4,12.5,18,6,6,126.5,6,130.0,0
0,0,0.0,0,0.0,20,6,6,111.3,0,120.0,0
1,8,13.661,7,13.78,18,8,7,125.1,10,130.0,0
1,8,14.2725,7,13.805,19,8,7,126.3,8,141.0,0
1,5,12.6,5,13.8,18,5,5,142.2,5,138.0,0
1,8,13.9375,7,14.424285714285714,18,8,7,127.0,8,135.0,0
1,6,12.5,6,13.166666666666666,18,6,6,128.6,6,137.0,0
1,11,12.272727272727272,14,12.071428571428571,34,13,16,134.4,13,100.0,0
0,1,12.0,3,10.25,38,6,6,100.0,7,133.1,0
1,8,14.11,8,14.11,19,8,8,133.0,8,142.0,0
0,3,10.666666666666666,5,12.4,19,6,6,126.7,10,140.0,0
0,6,12.0,6,12.0,21,6,6,129.0,6,129.0,0
1,6,13.5,6,14.833333333333334,18,6,6,133.7,6,141.0,0
1,6,13.5,6,15.428571428571429,20,6,6,122.2,7,118.0,0
1,5,11.4,5,11.6,18,5,5,128.9,11,131.0,4
1,6,14.0,6,14.166666666666666,18,6,6,154.4,6,161.0,0
0,0,0.0,1,9.8,36,7,7,130.0,7,130.0,0
1,4,11.0,4,10.714285714285714,18,5,5,113.0,9,121.0,0
0,0,0.0,0,0.0,21,5,5,123.3,5,133.1,0
0,1,13.0,3,12.333333333333334,21,6,6,130.0,12,130.0,0
1,6,12.25,6,13.0,18,6,6,101.3,15,133.1,0
1,4,11.25,4,11.4,18,5,5,113.7,5,120.0,0
1,6,12.766666666666666,6,12.766666666666666,19,7,7,138.8,7,140.0,0
1,6,12.666666666666666,5,12.6,29,6,6,140.0,6,133.1,0
1,5,13.4,7,13.0,20,5,7,130.0,5,130.0,0
1,6,14.316666666666668,6,14.316666666666668,18,7,7,132.5,7,140.0,0
1,5,12.0,4,12.75,19,5,5,117.4,5,124.0,0
1,5,12.6,5,13.4,19,5,5,109.8,5,115.0,0
0,0,0.0,0,0.0,37,5,6,116.5,5,100.0,0
1,5,13.8,4,15.75,18,5,5,165.2,5,162.0,0
0,1,11.0,5,12.4,21,6,6,113.0,11,121.0,0
1,6,12.333333333333334,6,11.5,19,6,6,123.3,7,125.0,0
1,5,14.0,5,13.4,19,5,5,116.7,5,123.0,0
0,0,0.0,0,0.0,30,8,7,118.9,0,133.1,0
0,5,11.6,7,13.285714285714286,27,7,8,103.6,13,120.0,0
0,2,10.5,4,11.5,45,6,6,122.7,16,136.0,0
1,7,11.714285714285714,8,13.25,50,7,9,113.5,8,133.1,0
1,10,13.4,11,12.25,41,10,14,128.2,12,110.0,0
0,0,0.0,1,12.0,44,6,6,130.0,6,133.1,0
1,7,11.142857142857142,13,10.923076923076923,23,10,15,110.0,10,110.0,0
0,5,11.0,10,12.0,34,10,12,117.7,11,130.0,0
1,5,14.4,5,13.714285714285714,21,5,5,99.6,7,102.0,0
0,2,13.0,1,10.0,22,5,5,117.9,8,127.0,0
1,6,11.5,2,10.333333333333334,32,6,6,113.0,7,133.1,0
1,8,14.625,7,12.728571428571428,20,8,7,124.4,8,137.0,0
0,8,12.875,12,13.333333333333334,59,8,15,140.0,8,130.0,0
1,6,10.833333333333334,6,11.333333333333334,18,6,6,124.0,9,131.0,0
1,5,13.8,5,13.8,36,5,5,149.8,6,140.0,0
0,0,0.0,1,12.0,36,7,7,160.0,13,160.0,1
0,3,10.166666666666666,4,11.25,19,6,6,114.6,11,117.0,0
1,5,12.0,4,10.5,25,5,5,120.0,6,150.0,0
1,13,11.615384615384617,18,11.555555555555555,35,13,18,100.0,13,133.1,0
0,0,0.0,1,14.0,20,6,6,128.5,7,125.0,0
0,0,0.0,1,13.0,35,6,6,113.0,8,130.0,0
0,1,11.0,2,11.0,27,6,6,150.8,14,170.0,0
1,4,11.25,4,10.5,19,6,6,114.8,8,120.0,0
0,5,11.566666666666668,4,12.86,26,7,7,129.0,10,130.0,0
1,6,14.0,6,14.25,19,6,6,110.5,7,133.1,0
0,0,0.0,0,0.0,19,8,7,132.5,0,141.0,0
0,0,0.0,0,0.0,18,0,0,130.7,0,138.0,0
1,8,14.3625,7,13.894285714285711,19,8,7,130.4,8,130.0,0
1,8,13.31375,7,13.46875,19,8,7,124.3,8,128.0,0
1,5,14.6,5,13.6,19,5,5,132.6,5,135.0,0
1,6,13.833333333333334,6,14.666666666666666,21,6,6,146.7,6,150.0,0
1,6,13.0,6,13.666666666666666,18,6,6,130.1,7,135.0,0
1,11,13.727272727272728,10,13.3,33,11,12,120.0,11,120.0,0
1,7,12.428571428571429,11,13.454545454545457,32,11,11,121.3,13,120.0,0
1,8,13.41625,8,13.41625,17,8,8,133.3,8,140.0,0
0,0,0.0,0,0.0,31,8,7,110.5,0,140.0,0
1,5,13.0,6,11.333333333333334,32,6,6,102.5,8,140.0,0
0,6,14.625,6,16.0,18,6,6,150.9,10,156.0,0
0,0,0.0,0,0.0,40,5,5,117.9,6,100.0,0
1,5,14.2,5,14.8,32,5,5,135.0,5,120.0,0
0,2,14.0,1,13.0,40,5,5,120.0,5,120.0,0
1,0,0.0,0,0.0,18,0,0,167.1,0,172.0,0
0,1,10.0,4,10.0,28,6,9,115.8,6,120.0,0
1,6,12.0,5,11.2,19,6,6,141.2,7,137.0,0
1,3,13.0,6,11.833333333333334,19,6,6,118.4,11,117.0,0
0,0,0.0,0,0.0,21,5,5,134.3,0,142.0,0
0,0,0.0,2,10.5,22,5,5,128.7,10,135.0,0
0,5,13.571428571428571,5,12.5,18,5,5,116.1,7,115.0,0
0,0,0.0,0,0.0,27,0,0,100.0,0,110.0,0
1,8,12.0,9,12.333333333333334,30,10,10,130.0,12,140.0,0
0,1,10.0,0,0.0,28,6,6,150.0,8,150.0,1
1,6,11.571428571428571,5,11.142857142857142,20,6,6,132.0,9,133.0,0
0,5,12.0,5,12.166666666666666,31,7,8,125.0,12,110.0,0
0,2,11.5,2,11.0,21,5,5,116.2,8,126.0,2
0,3,10.666666666666666,1,11.0,27,5,5,100.0,6,133.1,1
1,5,11.8,4,13.25,19,6,6,132.9,13,136.0,0
0,0,0.0,2,12.5,21,6,6,140.0,10,140.0,0
0,4,12.25,7,12.142857142857142,35,9,10,100.1,9,160.0,0
0,3,11.333333333333334,3,12.0,28,5,5,128.2,10,133.1,0
0,0,0.0,0,0.0,19,6,4,136.1,0,142.0,0
1,6,12.666666666666666,6,12.833333333333334,20,6,6,130.3,8,131.0,2
0,3,11.666666666666666,5,12.0,37,7,7,142.5,7,110.0,0
0,1,13.0,2,12.0,19,6,6,114.6,12,124.0,0
0,0,0.0,0,0.0,36,7,7,108.5,7,120.0,0
0,0,0.0,0,0.0,29,5,5,140.0,0,133.1,0
1,5,11.6,6,11.375,30,6,6,120.0,10,133.1,0
0,0,0.0,2,12.0,32,6,6,120.0,7,133.1,0
0,2,10.5,1,12.0,37,6,6,140.0,23,140.0,1
0,2,11.0,3,12.0,27,6,6,111.3,7,138.7,0
1,5,11.833333333333334,6,12.714285714285714,18,6,6,131.0,8,131.0,0
1,8,15.3,8,15.3,18,8,8,139.5,8,149.0,0
0,0,0.0,2,11.5,32,7,8,110.0,9,133.1,0
0,0,0.0,0,0.0,22,6,6,115.0,10,120.0,0
0,0,0.0,0,0.0,32,8,7,154.3,0,133.1,0
0,5,13.125,3,12.666666666666666,19,6,6,115.2,10,126.0,0
1,6,14.0,6,13.5,18,6,6,130.6,6,125.0,0
1,5,11.4,5,12.0,18,5,5,117.4,10,123.0,0
0,0,0.0,0,0.0,38,5,5,150.0,5,150.0,0
0,4,10.5,5,11.8,21,6,6,131.3,8,132.0,0
0,1,13.0,2,11.5,21,6,6,120.4,13,133.0,0
1,6,14.616666666666667,6,14.616666666666667,19,7,7,125.0,7,137.0,0
0,3,11.333333333333334,4,11.0,18,6,6,142.7,12,150.0,0
0,0,0.0,0,0.0,25,5,5,130.0,0,130.0,0
1,7,12.192307692307692,7,12.192307692307692,19,14,14,120.8,22,136.0,5
1,6,12.333333333333334,6,12.833333333333334,18,6,6,130.3,7,131.0,0
1,5,11.833333333333334,5,12.875,19,5,5,119.9,6,130.0,0
1,6,12.5,6,12.166666666666666,22,6,6,110.5,6,108.0,0
1,6,12.857142857142858,6,13.428571428571429,21,6,6,160.0,12,160.0,0
1,6,14.666666666666666,6,14.5,21,6,6,118.6,8,113.0,0
1,7,12.857142857142858,7,12.142857142857142,20,7,7,112.3,7,113.0,0
1,6,13.9,6,13.9,18,7,7,125.0,7,148.0,0
0,3,12.066666666666668,3,13.766666666666666,26,7,7,105.8,11,130.0,0
0,11,12.545454545454543,13,11.615384615384617,31,14,15,121.5,14,133.1,0
1,6,14.142857142857142,6,15.166666666666666,18,6,6,134.2,7,138.0,0
0,0,0.0,0,0.0,35,5,5,130.0,5,130.0,0
1,6,10.714285714285714,5,10.8,19,6,6,108.7,8,115.0,0
1,8,14.955555555555556,7,13.995714285714287,18,8,7,136.7,9,147.0,0
1,6,11.8,6,13.285714285714286,20,6,6,119.1,16,132.0,0
1,11,13.25,12,12.75,19,11,12,151.3,16,146.0,0
1,7,12.285714285714286,7,12.714285714285714,18,7,7,127.4,7,133.0,0
1,8,12.88625,8,12.88625,23,8,8,124.0,8,124.0,0
1,6,12.666666666666666,5,13.0,21,6,6,155.0,6,133.1,0
1,5,11.2,5,12.2,19,5,5,114.0,6,121.0,0
1,9,13.88888888888889,11,13.785714285714286,20,9,11,160.0,9,160.0,0
1,8,14.50125,8,14.50125,18,8,8,136.5,8,150.0,0
1,6,14.35,6,14.35,19,7,7,122.3,7,130.0,0
1,6,12.333333333333334,6,11.5,21,6,6,128.0,6,133.1,0
1,6,14.666666666666666,6,11.714285714285714,18,6,6,156.5,6,154.0,0
1,6,13.666666666666666,5,13.0,18,6,6,143.0,6,150.0,0
1,8,14.02625,7,13.56875,18,8,7,131.9,8,141.0,0
1,0,0.0,0,0.0,18,0,0,155.1,0,146.0,0
1,8,14.15375,8,14.15375,18,8,8,130.3,8,139.0,0
0,0,0.0,0,0.0,18,8,8,123.3,8,136.0,8
1,6,12.833333333333334,6,13.833333333333334,20,6,6,117.4,6,110.0,0
1,7,12.454285714285716,7,12.454285714285716,19,8,8,120.0,8,129.0,0
0,0,0.0,0,0.0,18,8,7,126.7,0,137.0,0
1,7,12.94375,6,13.271666666666668,18,8,7,129.3,11,138.0,0
0,0,0.0,2,11.0,21,6,6,98.6,12,133.1,0
1,7,14.428571428571429,7,13.285714285714286,19,7,7,126.9,7,136.0,0
1,6,14.0,6,13.333333333333334,20,6,6,146.7,7,139.0,0
1,8,13.2575,8,13.2575,21,8,8,117.0,8,125.0,0
0,0,0.0,0,0.0,23,6,6,130.0,7,130.0,0
0,2,11.5,6,12.666666666666666,18,6,6,125.8,6,137.0,0
0,5,15.4,5,14.6,30,5,5,160.0,5,130.0,0
0,0,0.0,0,0.0,20,5,5,134.2,5,130.0,5
0,0,0.0,3,12.333333333333334,29,5,5,96.0,8,160.0,0
1,6,11.333333333333334,6,11.666666666666666,20,6,6,125.2,10,136.0,0
0,6,14.333333333333334,4,12.5,27,6,6,100.0,6,117.0,0
0,0,0.0,0,0.0,23,5,5,140.0,0,140.0,0
1,6,14.166666666666666,6,15.333333333333334,23,6,6,120.0,6,132.0,0
1,7,14.2,7,14.2,18,8,8,134.3,8,147.0,0
1,6,14.666666666666666,6,14.833333333333334,19,6,6,144.7,6,158.0,0
0,8,14.3875,7,13.642857142857142,19,8,7,131.9,8,142.0,0
0,6,14.0,6,13.833333333333334,18,6,6,136.7,6,143.0,0
1,6,13.0,6,11.833333333333334,19,6,6,129.8,7,135.0,0
1,6,13.5,6,13.428571428571429,18,6,6,146.5,10,160.0,0
1,8,11.9625,6,11.416666666666666,24,8,7,117.8,9,133.1,0
0,2,11.0,2,12.75,19,7,7,106.0,12,133.1,0
1,5,12.4,6,11.5,20,6,6,116.9,8,106.0,0
1,6,12.666666666666666,6,13.833333333333334,18,6,6,141.7,6,148.0,0
0,4,11.333333333333334,6,11.714285714285714,18,6,6,127.7,11,134.0,0
1,7,13.0375,7,11.678571428571429,19,8,7,122.1,10,130.0,0
0,6,14.666666666666666,6,15.714285714285714,19,6,6,153.5,6,150.0,0
1,0,0.0,0,0.0,18,0,0,141.4,0,141.0,0
1,6,13.0,6,13.0,19,6,6,135.8,7,140.0,0
1,8,14.58888888888889,7,14.485714285714286,18,8,7,127.5,9,138.0,0
1,7,11.571428571428571,7,11.571428571428571,20,8,8,100.0,8,133.0,0
1,7,12.657142857142857,7,12.657142857142857,19,8,8,131.5,8,150.0,0
0,1,10.0,2,10.0,22,5,5,109.3,11,117.0,0
1,6,13.166666666666666,6,13.714285714285714,19,6,6,127.9,6,145.0,0
1,11,13.0,13,13.071428571428571,36,11,14,140.0,16,140.0,0
1,6,14.0,6,15.333333333333334,19,6,6,160.0,9,160.0,0
1,6,12.142857142857142,5,11.571428571428571,18,6,6,119.8,8,125.0,0
0,0,0.0,0,0.0,40,5,5,153.0,5,133.1,0
1,6,12.9,6,12.9,19,7,7,125.0,7,139.0,0
0,3,11.666666666666666,4,11.5,32,9,10,120.0,13,120.0,2
1,6,13.428571428571429,6,13.5,19,6,6,116.9,7,120.0,0
0,0,0.0,0,0.0,35,5,1,117.9,0,130.0,0
1,8,11.375,7,11.142857142857142,29,8,8,135.0,11,150.0,0
1,7,13.79857142857143,7,13.79857142857143,18,8,8,129.5,8,143.0,0
1,6,13.5,6,13.333333333333334,25,6,6,111.3,6,100.0,0
0,0,0.0,0,0.0,50,5,6,95.0,6,133.1,0
0,13,12.846153846153848,14,11.357142857142858,24,14,15,131.8,15,133.1,0
0,0,0.0,0,0.0,18,5,5,119.1,8,132.0,0
1,5,14.428571428571429,6,15.692307692307692,20,6,6,125.4,13,131.0,0
1,13,14.538461538461538,18,15.052631578947368,20,13,18,140.7,13,147.0,0
0,5,12.4,6,11.5,21,10,10,131.9,17,141.0,0
1,6,13.166666666666666,6,13.0,19,6,6,139.2,6,135.0,0
1,8,12.93875,8,12.93875,18,8,8,121.8,8,133.0,0
1,0,0.0,0,0.0,22,0,0,132.9,0,142.0,0
0,0,0.0,0,0.0,25,6,6,130.0,8,130.0,0
0,5,12.88,5,13.0,37,7,7,130.1,9,133.1,0
0,4,11.8125,5,12.18,38,7,7,124.5,11,133.1,0
0,5,11.4,3,11.333333333333334,36,6,6,162.3,12,130.0,0
1,7,13.0,7,13.0,18,8,8,137.8,8,149.0,0
0,0,0.0,0,0.0,19,6,5,119.5,0,130.0,0
0,3,12.333333333333334,2,12.5,24,5,5,110.0,8,150.0,0
1,5,12.166666666666666,5,11.0,20,6,6,105.0,9,106.0,0
0,0,0.0,0,0.0,21,0,0,142.8,0,162.0,0
0,0,0.0,0,0.0,32,5,5,128.2,5,120.0,0
0,1,10.0,0,0.0,39,5,5,120.0,5,133.1,0
0,0,0.0,0,0.0,33,5,5,130.0,5,130.0,0
1,4,10.75,5,12.4,20,5,5,121.7,5,128.0,0
1,6,14.1,6,15.5,19,6,6,116.0,10,124.0,0
0,3,10.8,2,11.5,43,5,5,133.2,12,133.1,0
0,4,11.6,4,13.333333333333334,49,5,5,116.7,9,114.0,1
1,6,13.5,6,12.666666666666666,18,6,6,126.4,6,140.0,0
0,5,13.6,5,12.6,19,5,5,120.3,9,122.0,0
0,0,0.0,6,13.5,45,6,6,118.0,6,140.0,0
1,6,13.0,6,13.0,19,6,6,149.5,8,160.0,0
1,4,11.75,6,11.714285714285714,21,6,6,130.0,8,130.0,0
1,5,13.0,6,12.166666666666666,18,6,6,126.3,7,141.0,0
0,0,0.0,0,0.0,18,5,5,116.2,13,127.0,0
0,0,0.0,0,0.0,29,6,6,126.0,6,126.0,6
1,5,11.6,5,11.5,19,5,5,122.3,5,131.0,0
1,8,12.375,7,12.285714285714286,22,9,7,131.8,10,130.0,0
0,8,12.805555555555555,7,12.718571428571428,18,8,7,130.7,11,140.0,0
0,0,0.0,0,0.0,20,0,0,129.5,0,140.0,0
0,0,0.0,1,14.0,29,6,6,130.0,7,133.1,0
0,4,11.25,3,11.666666666666666,29,5,5,114.0,8,120.0,0
0,0,0.0,0,0.0,19,0,0,116.4,0,123.0,0
0,1,12.0,0,0.0,18,5,5,121.7,11,136.0,3
0,2,12.5,4,11.5,22,6,6,130.0,12,136.0,0
0,6,11.5,7,11.714285714285714,34,10,10,120.0,10,120.0,0
1,5,13.714285714285714,5,12.6,26,5,5,125.0,7,160.0,0
0,12,11.25,13,11.642857142857142,24,17,17,134.1,25,125.0,0
1,6,13.428571428571429,6,14.875,17,6,6,149.5,8,146.0,0
1,6,13.5,6,12.714285714285714,19,6,6,140.0,9,140.0,0
0,5,11.2,5,11.6,49,7,12,162.4,7,111.0,0
0,6,12.2,5,11.94,23,7,7,136.6,14,120.0,0
0,3,14.2,4,11.6,18,5,5,111.0,9,111.0,0
1,5,13.8,6,13.333333333333334,19,6,6,105.7,9,106.0,0
1,5,15.0,5,13.4,18,5,5,137.0,5,151.0,0
0,0,0.0,0,0.0,45,6,6,120.0,12,133.1,0
0,0,0.0,2,11.0,30,5,5,120.5,5,120.0,0
0,9,11.333333333333334,13,12.0,28,13,15,118.1,13,120.0,0
0,0,0.0,0,0.0,40,5,5,139.0,0,110.0,0
0,0,0.0,0,0.0,32,5,5,116.3,9,133.1,0
0,4,10.25,4,12.5,19,6,6,120.5,12,118.0,0
1,6,12.166666666666666,6,13.666666666666666,20,6,6,134.9,7,139.0,1
0,0,0.0,1,10.0,18,5,5,123.0,7,130.0,0
0,2,13.0,6,11.5,20,6,6,122.9,9,132.0,0
1,6,13.266666666666666,6,13.266666666666666,18,7,7,132.3,7,156.0,0
1,8,14.1875,7,12.5125,18,8,7,131.5,8,143.0,0
0,0,0.0,0,0.0,28,5,5,128.2,5,133.1,0
0,0,0.0,0,0.0,31,6,6,148.0,6,140.0,0
1,6,13.483333333333334,6,13.483333333333334,23,7,7,121.5,7,127.0,0
0,0,0.0,0,0.0,33,5,6,139.0,6,133.1,0
0,3,11.666666666666666,3,13.0,22,5,5,113.4,9,120.0,0
0,5,17.714285714285715,5,16.5,20,5,5,150.0,7,150.0,0
1,6,13.142857142857142,6,13.8,20,6,6,150.0,7,150.0,0
0,0,0.0,0,0.0,25,6,6,140.0,0,130.0,0
1,4,14.5,5,12.6,20,5,5,140.7,6,141.0,1
1,6,13.625,6,13.833333333333334,19,6,6,146.7,8,146.0,0
0,0,0.0,0,0.0,31,5,5,96.0,5,133.1,0
0,2,16.0,2,16.0,24,7,6,160.0,7,160.0,0
0,0,0.0,0,0.0,23,5,5,130.0,5,130.0,0
0,3,10.666666666666666,3,10.666666666666666,26,5,5,130.0,11,160.0,0
1,18,14.5,18,14.5,38,18,18,140.0,18,140.0,0
1,5,13.8,5,14.0,20,5,5,116.6,7,126.0,0
1,5,13.571428571428571,3,13.333333333333334,20,5,5,120.5,11,118.0,0
0,0,0.0,0,0.0,25,6,6,103.0,0,133.1,0
1,4,11.2,5,12.0,19,6,6,111.9,10,121.0,0
1,5,16.0,5,16.2,18,5,5,148.7,8,148.0,0
0,5,10.6,7,10.285714285714286,28,11,13,120.0,13,133.1,0
1,6,13.166666666666666,6,13.571428571428571,20,6,6,120.1,8,132.0,0
1,6,14.857142857142858,6,14.285714285714286,18,6,6,127.8,9,140.0,0
1,4,10.5,5,10.2,19,5,5,106.4,6,112.0,0
0,2,10.25,2,10.25,24,8,8,100.0,16,100.0,1
0,0,0.0,0,0.0,21,6,6,123.9,0,126.0,0
1,6,14.833333333333334,6,14.833333333333334,20,6,6,139.5,6,150.0,0
1,5,12.6,5,13.625,21,6,6,150.0,6,150.0,0
1,7,13.657142857142857,7,12.271428571428572,24,8,7,139.8,10,144.0,0
0,0,0.0,0,0.0,27,5,5,154.4,0,133.1,0
1,7,13.142857142857142,9,13.22222222222222,39,7,9,119.0,8,133.1,0
0,2,11.5,2,15.0,25,7,7,96.1,12,133.1,0
0,0,0.0,0,0.0,18,0,0,130.0,0,130.0,0
1,12,13.0,12,13.166666666666666,19,12,12,128.8,12,133.0,0
1,4,14.0,5,13.833333333333334,21,6,6,126.8,6,124.0,0
0,0,0.0,0,0.0,27,5,5,130.0,0,130.0,0
0,6,13.166666666666666,9,12.333333333333334,27,11,12,110.0,11,110.0,0
0,5,11.8,6,13.0,18,6,6,133.7,7,127.0,0
0,1,12.0,3,13.25,19,6,6,140.0,9,140.0,0
1,6,12.166666666666666,6,13.5,18,6,6,133.7,6,133.0,0
1,5,12.8,6,12.666666666666666,18,6,6,137.0,8,109.0,0
0,6,14.5,11,15.090909090909092,23,6,11,128.2,7,133.1,0
0,0,0.0,0,0.0,20,0,0,129.2,0,133.0,0
1,6,12.666666666666666,6,13.166666666666666,18,6,6,129.5,7,134.0,0
1,6,12.833333333333334,6,12.833333333333334,18,6,6,129.6,8,125.0,0
1,6,12.166666666666666,6,11.833333333333334,20,6,6,141.8,6,132.0,0
1,3,12.75,5,12.8,20,6,6,129.8,11,135.0,0
0,5,11.0,5,11.8,21,9,7,106.0,9,100.0,0
0,5,14.571428571428571,5,15.8,20,5,5,121.5,7,125.0,0
1,6,13.857142857142858,6,14.666666666666666,20,6,6,117.7,7,117.0,0
0,2,12.0,4,12.5,19,6,6,140.0,16,140.0,0
0,2,10.5,3,12.0,19,6,5,133.1,10,132.0,0
0,4,11.142857142857142,3,12.666666666666666,18,6,6,119.1,11,132.0,0
0,5,11.8,5,13.6,18,6,6,131.3,7,133.0,0
1,6,13.833333333333334,6,12.5,18,6,6,136.7,6,143.0,0
1,6,13.5,6,13.333333333333334,21,6,6,126.2,7,143.0,0
0,5,11.0,4,12.25,18,6,6,109.6,15,133.1,0
1,8,16.09375,7,15.101428571428572,18,8,7,131.9,8,141.0,0
1,6,16.0,6,13.166666666666666,18,6,6,140.7,6,140.0,0
0,0,0.0,4,11.0,23,6,6,120.7,6,134.0,0
1,4,11.75,3,11.666666666666666,21,5,5,113.8,9,118.0,0
0,2,11.0,7,11.571428571428571,26,6,7,112.4,14,119.0,0
0,0,0.0,0,0.0,18,0,0,142.7,0,143.0,0
1,6,14.285714285714286,6,13.833333333333334,19,6,6,125.5,7,123.0,0
1,7,13.0,6,12.357142857142858,20,8,7,107.8,9,108.0,0
0,2,10.333333333333334,6,12.166666666666666,19,6,6,110.4,10,117.0,0
1,7,13.0,9,12.416666666666666,33,9,10,138.3,14,170.0,0
1,4,12.75,4,12.75,18,5,5,142.3,6,157.0,0
1,18,14.933333333333334,18,14.933333333333334,21,21,21,145.0,33,141.0,12
1,6,11.666666666666666,6,13.0,19,6,6,125.7,7,125.0,0
1,8,13.91,7,14.455000000000002,18,8,7,128.7,8,143.0,0
1,6,13.285714285714286,6,14.0,18,6,6,128.0,7,142.0,0
1,6,12.666666666666666,6,13.5,20,6,6,146.5,7,150.0,0
0,0,0.0,0,0.0,20,6,6,106.1,0,112.0,0
1,5,14.0,6,11.666666666666666,20,6,6,118.0,12,133.1,0
1,5,13.333333333333334,4,12.0,19,5,5,117.0,8,125.0,1
1,6,11.833333333333334,6,11.714285714285714,19,6,6,115.4,6,121.0,0
1,6,12.428571428571429,6,12.666666666666666,21,6,6,117.0,7,133.1,0
0,0,0.0,0,0.0,21,6,6,127.0,0,135.0,0
1,7,12.328571428571427,7,12.328571428571427,18,8,8,118.0,8,132.0,0
0,1,10.0,6,11.666666666666666,27,7,7,118.0,10,133.1,0
1,11,12.727272727272728,12,13.25,20,12,12,126.4,12,135.0,0
1,8,15.125,7,13.3,18,8,7,124.4,8,133.0,0
1,6,12.166666666666666,6,12.833333333333334,18,6,6,129.4,7,135.0,0
1,6,12.833333333333334,6,12.833333333333334,20,6,6,141.7,6,140.0,0
1,3,13.0,3,12.666666666666666,19,5,5,132.1,7,144.0,0
1,7,14.471428571428572,6,13.271428571428572,20,8,7,116.8,8,122.0,0
1,5,12.833333333333334,5,12.4,20,5,5,135.0,6,143.0,0
0,0,0.0,0,0.0,19,5,6,116.0,5,124.0,0
1,6,13.25,6,14.285714285714286,18,6,6,155.0,8,156.0,0
1,5,12.6,3,12.333333333333334,18,5,5,127.0,9,142.0,0
1,7,12.671428571428573,6,12.583333333333334,19,8,7,130.8,8,142.0,0
0,7,13.771428571428572,6,13.731666666666667,19,8,7,121.8,10,126.0,0
0,5,13.4,8,14.625,47,7,10,148.5,7,170.0,0
0,0,0.0,0,0.0,23,2,3,109.8,2,130.0,0
1,6,12.666666666666666,6,12.666666666666666,19,6,6,119.7,7,133.0,0
1,6,12.491666666666667,6,12.491666666666667,20,8,8,122.0,11,122.0,0
1,11,14.166666666666666,12,13.666666666666666,19,11,12,147.5,12,138.0,0
1,6,14.5,6,16.0,19,6,6,150.8,8,163.0,0
1,6,13.0,6,14.142857142857142,19,6,6,150.0,7,150.0,0
1,4,13.75,6,11.833333333333334,39,6,6,131.5,9,133.1,0
1,6,13.0,6,12.666666666666666,20,6,6,127.2,8,144.0,0
1,6,12.666666666666666,6,12.5,21,6,6,111.0,6,118.0,0
1,4,11.25,9,10.88888888888889,22,10,11,119.9,20,101.0,1
0,0,0.0,1,13.0,19,5,6,133.7,10,133.0,0
1,6,16.0,6,15.166666666666666,22,6,6,140.0,6,133.1,0
1,6,12.0,6,12.666666666666666,19,6,6,113.9,7,124.0,0
0,0,0.0,0,0.0,18,0,0,120.7,0,127.0,0
0,0,0.0,0,0.0,36,5,5,121.8,5,110.0,0
1,0,0.0,0,0.0,20,0,0,117.7,0,110.0,0
0,4,11.5,2,11.0,30,5,5,110.0,6,160.0,0
0,6,15.9,6,15.714285714285714,24,6,6,134.4,10,120.0,0
0,11,11.636363636363637,11,10.818181818181818,26,14,15,125.3,15,133.1,1
0,0,0.0,1,12.0,19,5,5,119.1,6,132.0,0
1,4,11.25,5,12.6,34,6,6,146.0,11,130.0,0
1,4,10.75,5,11.6,19,5,5,122.0,10,129.0,0
0,1,11.0,1,10.0,26,5,5,118.1,14,130.0,0
0,0,0.0,1,14.0,29,6,6,105.2,6,140.0,0
0,2,12.5,5,12.6,19,5,5,123.3,8,131.0,0
0,0,0.0,0,0.0,18,0,0,124.8,0,129.0,0
0,1,12.0,2,11.333333333333334,29,5,5,149.4,9,133.1,0
1,5,11.4,6,12.666666666666666,21,6,6,108.5,7,112.0,0
1,7,11.85625,5,12.87857142857143,20,8,7,101.0,15,133.1,0
0,0,0.0,0,0.0,18,5,5,112.9,5,123.0,0
0,0,0.0,0,0.0,20,5,5,134.1,0,125.0,0
0,0,0.0,0,0.0,30,5,5,101.6,5,133.1,0
1,6,14.0,6,14.166666666666666,19,6,6,111.9,6,121.0,0
0,4,13.25,5,13.4,30,5,5,118.4,7,148.0,0
1,4,11.25,5,11.2,22,5,5,127.1,13,139.0,0
1,0,0.0,0,0.0,22,0,0,120.5,0,125.0,0
0,5,11.8,6,12.666666666666666,19,6,6,136.1,8,128.0,0
0,4,11.25,3,12.333333333333334,21,5,5,124.0,5,132.0,0
1,5,12.0,4,12.25,21,5,5,141.6,7,137.0,0
0,0,0.0,0,0.0,21,0,0,160.0,0,160.0,0
0,3,10.333333333333334,3,10.75,27,5,5,110.0,9,120.0,0
0,0,0.0,0,0.0,32,7,7,100.0,8,134.0,0
0,0,0.0,0,0.0,40,6,6,120.0,6,133.1,0
0,2,11.5,2,11.5,20,5,5,140.0,13,140.0,0
1,0,0.0,0,0.0,18,0,0,124.3,0,140.0,0
0,0,0.0,2,10.5,21,5,5,118.9,13,122.0,0
0,0,0.0,6,13.5,18,6,6,130.2,0,141.0,0
0,0,0.0,1,10.0,30,6,6,140.0,6,140.0,0
0,0,0.0,0,0.0,29,6,6,130.0,8,133.1,0
0,3,10.666666666666666,1,12.0,18,5,5,130.4,7,137.0,2
0,5,12.2,4,12.25,18,5,5,116.1,5,122.0,0
0,6,11.666666666666666,5,11.4,22,7,10,130.0,13,130.0,0
0,0,0.0,0,0.0,27,5,5,124.3,5,140.0,0
1,5,14.0,4,14.25,20,6,6,125.0,10,125.0,0
1,10,14.2,11,14.454545454545457,42,11,12,110.0,11,110.0,0
1,12,14.461538461538462,12,14.538461538461538,21,12,12,115.0,14,133.1,0
1,7,11.95,6,12.733333333333334,23,8,7,129.6,10,132.0,0
0,4,13.5,5,13.2,21,12,12,128.8,12,122.0,0
1,0,0.0,0,0.0,19,0,0,144.2,0,155.0,0
0,4,12.75,6,12.333333333333334,40,6,6,134.0,10,120.0,0
0,7,11.25,5,11.2,22,9,9,112.0,14,129.0,2
1,6,13.2,6,13.2,19,7,7,128.8,7,144.0,0
1,5,14.6,5,13.6,18,5,5,123.2,6,133.0,0
0,2,11.5,0,0.0,18,5,5,118.4,10,131.0,4
0,5,13.666666666666666,5,12.857142857142858,24,6,6,116.2,12,133.1,0
1,6,14.0,5,13.5,19,6,6,113.5,6,118.0,0
0,0,0.0,0,0.0,18,6,6,134.8,12,133.1,0
1,0,0.0,0,0.0,19,0,0,149.9,0,145.0,0
1,8,12.82875,8,12.82875,19,8,8,119.8,8,125.0,0
1,4,13.75,0,0.0,21,5,5,125.0,6,125.0,1
0,0,0.0,0,0.0,18,8,7,135.1,0,148.0,0
1,6,13.166666666666666,6,14.666666666666666,19,6,6,138.3,6,139.0,0
1,7,13.937142857142858,7,13.937142857142858,19,8,8,122.5,8,130.0,0
1,12,14.583333333333334,10,14.7,20,12,12,148.0,12,148.0,0
1,5,12.2,6,11.666666666666666,18,6,6,126.2,6,130.0,0
1,6,14.85,6,14.85,20,7,7,129.8,7,134.0,0
0,0,0.0,1,12.0,26,5,5,104.0,12,133.1,4
0,8,15.622222222222222,7,13.6875,18,8,7,126.7,9,137.0,0
1,5,11.6,5,12.4,58,6,6,120.0,10,130.0,0
1,8,13.5425,7,13.398,18,8,7,124.6,8,137.0,0
0,0,0.0,0,0.0,20,5,5,127.3,0,140.0,0
1,14,11.928571428571429,13,11.76923076923077,29,14,15,122.0,17,150.0,0
0,0,0.0,0,0.0,27,5,6,125.1,6,130.0,0
1,6,13.0,6,13.285714285714286,21,6,6,110.0,11,133.1,0
1,6,11.166666666666666,6,11.666666666666666,20,6,6,129.8,8,134.0,0
1,5,12.2,6,11.5,19,6,6,114.9,9,125.0,0
1,6,13.15,6,13.081666666666669,22,8,7,125.6,12,141.0,0
1,6,13.0,6,12.666666666666666,19,6,6,125.1,6,138.0,0
0,0,0.0,3,11.333333333333334,19,6,6,115.7,6,116.0,0
0,5,13.2,6,13.166666666666666,18,6,6,127.2,7,131.0,0
0,0,0.0,0,0.0,19,6,6,140.0,0,140.0,0
1,5,12.6,5,11.666666666666666,20,6,6,140.0,7,140.0,0
1,6,13.428571428571429,6,13.5,19,6,6,120.4,7,127.0,0
0,0,0.0,0,0.0,26,6,6,100.0,6,133.1,0
1,6,14.142857142857142,6,13.166666666666666,18,6,6,113.5,7,117.0,0
0,2,12.5,4,12.5,29,5,5,132.1,11,150.0,0
1,6,13.0,6,13.375,20,6,6,160.0,10,160.0,0
1,6,12.666666666666666,6,13.166666666666666,19,6,6,126.3,6,128.0,0
1,7,13.154285714285717,7,13.154285714285717,18,8,8,125.8,8,135.0,0
1,6,12.833333333333334,6,12.833333333333334,19,6,6,142.2,6,139.0,0
1,7,13.142857142857142,7,12.142857142857142,18,7,7,119.4,7,125.0,0
0,4,13.75,4,13.0,36,9,10,120.0,10,120.0,0
0,0,0.0,0,0.0,20,0,0,148.6,0,130.0,0
0,0,0.0,5,11.0,18,6,6,108.7,12,116.0,0
0,2,12.5,3,13.333333333333334,20,6,9,124.6,6,140.0,0
1,8,13.472,7,14.594444444444443,18,8,7,131.0,10,134.0,0
0,3,10.666666666666666,4,11.0,20,6,6,130.0,13,130.0,0
0,0,0.0,0,0.0,24,5,5,116.1,5,122.0,0
0,0,0.0,0,0.0,19,6,6,125.6,0,128.0,0
0,2,12.0,1,12.0,18,5,5,121.3,10,130.0,3
1,5,13.2,5,14.0,18,5,5,107.4,6,113.0,0
1,5,11.8,6,13.571428571428571,18,6,6,116.9,7,126.0,0
0,0,0.0,0,0.0,22,6,6,123.5,6,135.0,0
1,6,13.857142857142858,6,14.25,19,6,6,130.5,7,141.0,0
0,0,0.0,0,0.0,32,6,6,140.0,6,133.1,0
0,0,0.0,0,0.0,21,6,6,117.1,12,133.1,0
1,7,13.542857142857144,7,13.542857142857144,19,8,8,127.5,8,144.0,0
1,7,11.714285714285714,9,13.11111111111111,39,7,9,126.0,10,140.0,0
1,7,12.142857142857142,9,12.666666666666666,30,7,9,113.0,7,100.0,0
0,2,10.0,4,10.75,18,5,5,130.1,13,135.0,0
0,2,10.0,4,10.75,38,10,10,110.0,10,130.0,0
1,6,13.333333333333334,6,13.666666666666666,20,6,6,135.8,6,147.0,0
1,6,12.833333333333334,6,13.833333333333334,55,6,6,126.3,6,149.0,0
0,16,13.0,17,13.176470588235292,53,18,18,130.0,18,130.0,0
0,5,12.6,4,12.75,54,6,6,104.0,12,120.0,0
0,4,12.0,4,12.0,44,7,8,121.0,9,133.1,2
1,9,12.555555555555555,9,11.666666666666666,28,11,11,130.5,13,149.0,0
1,11,16.90909090909091,14,16.5,37,11,14,180.0,11,180.0,0
1,7,11.77777777777778,9,12.333333333333334,20,7,10,112.5,10,110.0,0
0,3,11.0,4,11.5,19,6,6,111.8,12,117.0,0
1,13,12.923076923076923,18,11.894736842105264,23,13,18,131.4,13,120.0,0
0,0,0.0,0,0.0,22,6,6,144.3,0,160.0,0
0,0,0.0,0,0.0,24,6,6,115.0,0,100.0,0
0,0,0.0,0,0.0,26,6,6,168.6,6,160.0,0
1,6,14.833333333333334,6,15.166666666666666,18,6,6,127.7,6,141.0,0
0,2,13.5,4,11.75,24,6,6,150.0,8,130.0,0
0,0,0.0,0,0.0,26,0,0,135.6,0,130.0,0
0,3,14.75,3,11.333333333333334,27,6,6,100.0,10,133.1,0
1,5,13.2,5,12.6,20,6,6,140.0,6,140.0,0
0,1,14.0,0,0.0,19,5,5,124.1,10,129.0,3
0,4,15.5,6,15.5,18,6,6,131.6,9,148.0,0
1,7,12.365714285714288,7,12.365714285714288,18,8,8,129.0,8,143.0,0
0,0,0.0,0,0.0,19,6,6,110.8,0,116.0,0
1,6,12.333333333333334,4,14.0,19,6,6,124.5,9,128.0,0
0,5,11.8,3,12.0,30,12,12,100.0,16,120.0,0
0,3,12.0,0,0.0,22,5,4,123.8,8,121.0,0
0,3,11.333333333333334,4,10.0,19,5,5,131.4,7,137.0,0
0,1,10.0,1,10.0,21,5,5,118.5,10,115.0,0
0,0,0.0,0,0.0,22,0,0,122.0,0,129.0,0
0,0,0.0,3,11.75,35,6,6,100.0,10,133.1,0
0,1,11.0,1,10.0,20,5,5,135.9,7,131.0,0
1,5,12.8,3,14.0,21,5,5,138.4,5,133.1,0
0,0,0.0,0,0.0,27,5,5,128.2,5,133.1,0
0,0,0.0,3,12.0,26,6,6,107.4,15,114.0,0
0,0,0.0,0,0.0,20,5,6,129.8,10,127.0,0
0,5,11.6,8,11.88888888888889,28,8,10,100.0,17,130.0,1
1,6,13.666666666666666,6,13.833333333333334,19,6,6,113.0,6,121.0,0
0,0,0.0,0,0.0,47,5,5,107.0,5,120.0,0
0,5,12.4,5,11.4,55,6,6,130.0,9,120.0,0
0,2,11.0,0,0.0,39,6,6,120.0,8,120.0,0
0,12,10.666666666666666,14,10.642857142857142,35,12,17,120.5,12,120.0,0
0,0,0.0,2,11.0,32,6,6,120.5,12,133.1,0
1,6,16.666666666666668,6,16.833333333333332,20,6,6,137.0,6,124.0,0
1,5,13.2,6,13.571428571428571,36,6,6,115.0,9,150.0,0
1,5,14.375,5,14.714285714285714,34,5,5,142.7,14,133.1,5
0,0,0.0,0,0.0,21,5,5,116.7,5,116.0,0
0,1,11.0,1,10.0,42,5,5,136.1,14,133.1,0
0,4,11.75,1,11.0,25,6,6,134.3,13,133.1,0
0,0,0.0,1,11.0,18,6,6,153.0,0,167.0,0
1,6,12.833333333333334,5,12.0,18,6,6,132.0,6,140.0,0
1,6,11.857142857142858,6,11.125,19,6,6,129.6,7,124.0,0
0,2,11.5,3,11.333333333333334,34,6,6,105.0,8,110.0,0
0,0,0.0,2,12.0,20,6,6,130.8,12,150.0,0
0,0,0.0,0,0.0,20,7,7,119.7,7,123.0,0
1,7,14.54,7,14.54,21,8,8,132.5,8,152.0,0
1,4,13.0,6,12.166666666666666,19,6,6,130.0,14,130.0,0
0,3,11.666666666666666,4,13.5,31,5,5,120.0,12,133.1,1
1,5,14.333333333333334,6,14.75,21,6,6,150.0,9,133.1,0
1,5,11.666666666666666,5,12.375,20,5,5,115.6,7,124.0,0
1,6,12.733333333333334,6,12.733333333333334,22,7,7,119.1,7,119.1,0
0,0,0.0,4,12.5,19,6,6,123.5,6,128.0,0
0,0,0.0,0,0.0,41,5,5,120.0,5,133.1,5
0,0,0.0,0,0.0,27,7,7,110.0,7,133.1,6
0,7,13.771428571428572,7,13.44285714285714,19,8,7,131.4,8,145.0,0
1,8,14.2,8,14.2,20,8,8,126.8,8,141.0,0
1,6,13.55,6,13.55,19,7,7,118.9,7,118.9,0
1,5,11.166666666666666,5,11.6,35,5,5,160.0,6,160.0,0
1,6,15.285714285714286,6,13.571428571428571,22,6,6,115.9,7,111.0,0
1,6,15.0,6,13.833333333333334,20,6,6,109.3,6,111.0,0
0,4,10.857142857142858,4,11.25,18,6,6,113.9,9,123.0,0
1,4,11.25,5,10.2,18,6,6,121.8,9,133.0,0
1,7,15.675714285714283,7,15.675714285714283,30,8,8,140.0,8,140.0,0
1,6,12.0,6,10.833333333333334,18,6,6,114.7,8,122.0,0
1,5,13.333333333333334,5,13.0,19,5,5,136.2,7,139.0,0
1,8,14.125,7,12.242857142857144,21,8,7,119.5,8,130.0,0
1,4,12.5,4,14.25,18,5,5,133.2,7,143.0,0
0,2,10.5,1,12.0,35,5,5,110.0,11,110.0,1
1,6,13.183333333333332,6,13.183333333333332,18,7,7,130.0,7,140.0,0
1,8,12.65125,7,11.9725,20,8,7,133.5,8,134.0,0
1,5,12.8,5,12.4,34,6,6,120.0,8,130.0,0
1,6,13.9,6,13.9,22,7,7,137.3,7,142.0,0
0,3,10.666666666666666,3,10.666666666666666,39,5,5,130.0,15,140.0,0
0,0,0.0,0,0.0,19,8,7,128.0,0,142.0,0
1,3,11.333333333333334,6,11.0,36,6,6,95.0,14,120.0,0
1,7,13.957142857142856,7,13.957142857142856,21,8,8,116.0,8,124.0,0
1,6,15.285714285714286,6,13.333333333333334,42,6,6,107.5,7,126.6,0
0,0,0.0,0,0.0,34,5,5,108.4,6,110.0,0
1,6,15.5,6,15.714285714285714,33,6,6,155.9,7,160.0,0
1,5,11.4,5,11.0,20,6,6,106.1,9,105.0,0
1,4,12.75,4,12.25,19,5,5,128.6,7,130.0,2
0,8,12.22222222222222,5,12.2,34,9,10,140.0,18,140.0,0
1,5,14.0,5,13.0,18,5,5,145.0,5,138.0,0
1,6,13.0,4,12.0,24,6,6,113.0,7,120.0,0
1,6,12.333333333333334,6,13.333333333333334,18,6,6,137.1,7,135.0,0
1,7,12.91,7,12.91,21,8,8,120.5,8,121.0,0
1,3,11.0,6,11.0,19,6,6,125.7,13,126.0,0
1,8,12.93625,6,13.579999999999998,19,8,7,125.5,8,132.0,0
1,6,12.5,4,12.4,18,6,6,124.5,8,128.0,0
1,7,13.0,8,12.88888888888889,38,7,9,126.0,9,160.0,0
1,8,14.34125,8,14.34125,19,8,8,138.5,8,147.0,0
0,5,12.0,6,14.142857142857142,18,6,6,122.3,6,130.0,0
1,0,0.0,0,0.0,18,0,0,126.0,0,134.0,0
1,6,14.166666666666666,6,13.333333333333334,18,6,6,146.5,6,151.0,0
1,6,12.857142857142858,6,14.5,18,6,6,121.9,9,132.0,0
1,10,13.4,8,12.666666666666666,26,10,10,130.0,12,130.0,0
0,0,0.0,0,0.0,19,6,6,115.2,6,119.0,0
0,4,11.0,2,12.0,20,5,5,108.0,9,106.0,0
1,8,15.127777777777778,7,14.20857142857143,19,8,7,128.0,9,138.0,0
1,8,15.0125,7,14.30714285714286,20,8,7,113.5,8,118.0,0
0,0,0.0,0,0.0,29,6,7,116.0,6,133.1,0
1,4,11.0,6,12.0,19,6,6,124.9,12,141.0,0
0,0,0.0,0,0.0,24,5,5,140.5,0,180.0,0
0,0,0.0,0,0.0,27,6,6,179.6,7,180.0,0
1,6,14.285714285714286,6,13.857142857142858,18,6,6,116.1,7,115.0,0
1,0,0.0,0,0.0,18,0,0,139.4,0,142.0,0
0,0,0.0,0,0.0,21,7,7,129.0,0,135.0,0
1,5,13.0,5,11.0,43,6,6,135.6,9,150.0,0
1,5,14.4,5,13.2,18,5,5,147.8,13,153.0,5
0,3,15.333333333333334,6,13.5,21,6,6,138.0,6,153.0,0
0,0,0.0,0,0.0,26,5,5,150.0,0,150.0,0
1,7,14.214285714285714,7,14.214285714285714,19,8,8,130.8,8,144.0,0
1,5,12.4,5,13.0,18,5,5,122.6,5,130.0,0
0,1,10.0,2,12.0,22,6,6,119.1,14,125.0,0
0,0,0.0,0,0.0,27,8,7,111.8,0,133.1,0
1,5,12.6,5,12.8,18,5,5,125.0,6,133.0,0
1,4,12.2,4,13.6,19,5,5,129.9,9,140.0,0
1,8,15.75,7,13.971428571428572,18,8,7,131.1,8,133.0,0
1,6,14.857142857142858,6,15.0,19,6,6,141.4,9,154.0,0
0,0,0.0,0,0.0,32,6,6,120.0,0,133.1,0
1,17,15.023529411764704,26,15.07777777777778,23,17,26,133.4,17,168.0,0
1,6,13.383333333333333,6,13.383333333333333,20,7,7,127.3,7,132.0,0
1,10,13.090909090909092,12,13.25,20,11,12,131.8,16,133.1,0
0,2,10.666666666666666,5,11.714285714285714,19,6,6,114.8,13,120.0,0
1,8,13.01125,8,13.01125,18,8,8,132.8,8,150.0,0
0,4,12.0,3,10.666666666666666,21,6,6,140.0,12,140.0,0
1,3,12.666666666666666,6,13.0,22,6,6,150.0,18,150.0,0
1,5,11.4,5,12.0,26,5,5,160.0,7,160.0,0
1,5,13.8,6,12.166666666666666,20,6,6,131.7,7,131.0,0
1,7,13.65,6,11.85,19,8,7,112.6,10,114.0,0
1,5,11.2,4,11.0,31,5,5,111.1,6,120.0,0
1,8,11.736,7,12.327777777777778,20,8,7,127.5,10,140.0,0
1,5,13.428571428571429,4,12.0,20,5,5,120.2,10,130.0,1
1,8,14.511111111111113,7,14.428571428571429,21,8,7,118.9,9,121.0,0
1,8,12.6125,7,13.78,18,8,7,119.9,8,130.0,0
1,6,13.8,6,13.8,19,7,7,127.3,7,141.0,0
1,7,15.142857142857142,7,14.857142857142858,18,7,7,127.9,7,131.0,0
1,6,13.333333333333334,6,12.142857142857142,18,6,6,114.6,6,117.0,0
1,6,14.833333333333334,6,15.666666666666666,18,6,6,144.5,6,151.0,0
1,7,12.166666666666666,5,12.5,19,8,7,125.4,14,131.0,0
1,6,13.166666666666666,6,12.833333333333334,19,6,6,145.0,6,145.0,0
0,0,0.0,0,0.0,28,6,6,138.1,7,135.0,0
1,6,12.666666666666666,6,12.5,20,6,6,124.6,6,119.0,0
1,5,13.0,4,11.25,18,6,6,130.8,9,122.0,0
1,6,15.25,6,15.25,18,7,7,140.5,7,155.0,0
1,3,12.0,5,14.0,20,5,5,124.1,10,123.0,1
1,11,12.090909090909092,13,12.076923076923077,28,13,16,118.4,13,130.0,0
1,9,14.88888888888889,16,14.625,23,10,16,128.2,12,133.1,0
0,2,10.5,4,10.5,19,7,7,109.5,7,114.0,0
1,6,12.166666666666666,6,12.833333333333334,18,6,6,131.1,6,137.0,0
1,5,11.8,6,12.5,20,6,6,137.9,7,161.0,0
1,9,12.77777777777778,12,11.23076923076923,20,11,12,128.2,18,133.1,0
0,0,0.0,2,10.5,27,5,5,126.5,5,133.1,0
0,2,12.0,3,12.0,18,6,6,120.0,13,128.0,0
1,8,12.3,7,10.985714285714286,37,8,7,123.0,11,133.1,0
0,3,14.166666666666666,5,12.62,42,7,7,130.0,11,130.0,0
0,8,14.2125,6,13.0,20,8,7,141.1,8,147.0,0
0,0,0.0,0,0.0,34,5,5,140.0,5,140.0,0
0,0,0.0,0,0.0,22,5,5,133.6,0,140.0,0
1,6,13.333333333333334,6,13.5,39,6,6,123.5,6,133.1,0
1,6,13.516666666666666,6,13.516666666666666,18,7,7,136.3,7,141.0,0
1,6,13.285714285714286,6,13.166666666666666,21,6,6,123.5,8,128.0,0
0,0,0.0,0,0.0,34,6,6,112.0,0,150.0,0
1,6,13.0,6,13.125,22,6,6,160.0,10,160.0,0
0,0,0.0,3,14.4,31,6,6,110.0,20,133.1,0
0,0,0.0,4,12.0,19,6,6,116.8,12,128.0,0
0,0,0.0,0,0.0,19,5,5,109.5,10,114.0,0
0,0,0.0,0,0.0,31,7,7,100.0,7,133.1,0
0,0,0.0,0,0.0,30,6,6,130.0,0,133.1,0
1,8,15.52222222222222,7,16.13142857142857,20,8,7,137.8,9,129.0,0
1,8,14.8,7,14.838571428571427,18,8,7,136.5,9,140.0,0
0,3,12.0,3,10.333333333333334,31,5,5,138.7,6,133.1,0
0,4,11.25,3,12.0,19,6,6,124.9,11,134.0,0
0,0,0.0,0,0.0,43,5,6,140.0,5,133.1,0
1,6,14.0,6,13.166666666666666,20,6,6,122.6,6,132.0,0
1,8,13.9475,8,13.9475,19,8,8,129.5,8,131.0,0
0,0,0.0,3,11.333333333333334,22,5,5,155.0,5,133.1,0
1,7,12.285714285714286,7,12.75,26,7,8,100.0,7,133.1,0
1,5,11.25,5,12.6,19,5,5,137.6,8,160.0,0
0,6,12.25,6,12.25,29,8,8,120.0,8,120.0,1
1,9,12.7,12,11.833333333333334,41,12,12,110.0,22,100.0,0
0,6,13.066666666666668,6,13.066666666666668,19,8,8,128.5,10,139.0,0
1,6,13.875,6,13.833333333333334,19,6,6,132.2,8,136.0,0
0,0,0.0,3,13.833333333333334,43,7,7,130.0,7,130.0,0
1,5,13.2,5,11.8,19,5,5,129.3,5,145.0,0
1,8,13.74625,8,13.74625,18,8,8,130.3,8,146.0,0
0,0,0.0,0,0.0,19,0,0,162.5,0,159.0,0
0,0,0.0,0,0.0,38,6,6,130.0,0,133.1,0
0,0,0.0,0,0.0,37,6,6,110.0,6,110.0,0
1,5,14.5,6,13.333333333333334,26,6,6,142.3,10,120.0,0
1,6,15.285714285714286,6,15.666666666666666,18,6,6,153.6,8,158.0,0
1,7,11.857142857142858,7,11.857142857142858,18,7,7,112.9,7,122.0,0
1,5,13.6,5,14.5,18,5,5,124.1,5,140.0,0
1,6,13.714285714285714,6,12.166666666666666,19,6,6,129.7,7,136.0,0
1,6,12.0,5,12.6,18,6,6,110.0,8,111.0,0
1,6,13.0,6,12.666666666666666,19,6,6,146.0,7,133.1,0
0,0,0.0,0,0.0,19,8,7,129.9,0,140.0,0
1,4,13.0,6,12.857142857142858,18,6,6,140.9,10,140.0,0
1,7,13.9,7,13.9,18,8,8,135.5,8,156.0,0
1,7,13.817142857142857,7,13.817142857142857,20,8,8,122.0,8,132.0,0
1,7,12.875,6,13.314285714285717,22,8,7,140.0,10,140.0,0
0,0,0.0,0,0.0,18,6,6,163.0,0,164.0,0
1,6,12.166666666666666,6,12.166666666666666,19,6,6,107.4,6,113.0,0
0,3,11.333333333333334,4,11.25,20,6,6,114.3,12,122.0,0
1,6,14.571428571428571,6,14.666666666666666,20,6,6,126.3,7,135.0,0
0,4,12.0,4,12.0,28,6,6,110.0,14,133.1,0
1,3,12.666666666666666,6,14.0,19,6,6,126.2,18,122.0,0
1,6,12.625,6,15.538461538461538,19,6,6,123.0,9,138.0,0
0,0,0.0,0,0.0,18,6,6,157.0,0,130.0,0
1,6,14.833333333333334,6,15.0,18,6,6,149.7,6,157.0,0
1,5,13.285714285714286,4,12.25,22,5,5,140.0,9,140.0,0
1,9,15.555555555555555,11,15.692307692307692,20,9,11,170.0,9,170.0,0
1,5,12.75,5,12.285714285714286,24,5,5,130.2,9,150.0,1
1,8,11.95625,7,11.88888888888889,20,8,7,116.3,10,118.0,0
0,0,0.0,0,0.0,35,6,6,120.0,0,120.0,0
1,5,12.6,5,11.8,18,5,5,154.7,5,154.0,0
1,6,11.666666666666666,6,11.166666666666666,19,6,6,132.7,9,139.0,0
1,8,14.6,7,14.05714285714286,18,8,7,130.8,9,136.0,0
0,4,10.0,4,11.75,18,6,6,122.7,13,130.0,0
1,6,14.0,6,13.5,19,6,6,123.6,7,133.0,0
1,8,13.0625,7,12.625,20,8,7,116.5,8,143.0,0
0,0,0.0,0,0.0,21,6,6,111.1,0,117.0,0
1,7,13.971428571428572,7,13.971428571428572,18,8,8,136.3,8,145.0,0
0,0,0.0,2,11.0,18,6,6,129.8,0,134.0,0
1,5,15.333333333333334,5,12.8,33,5,5,134.7,6,170.0,0
0,0,0.0,0,0.0,18,0,0,126.8,0,140.0,0
1,5,13.142857142857142,5,13.714285714285714,28,5,5,133.9,7,130.0,0
0,0,0.0,0,0.0,29,5,4,109.9,0,130.0,0
0,3,14.666666666666666,6,12.0,36,6,6,160.0,8,160.0,0
1,6,13.333333333333334,6,12.666666666666666,32,6,6,106.5,7,133.1,0
0,1,13.0,3,12.0,34,7,7,100.0,15,133.1,1
1,6,11.166666666666666,5,11.4,33,6,6,112.5,7,150.0,0
0,3,12.6,2,13.25,29,5,5,135.5,12,140.0,3
0,0,0.0,6,13.861666666666666,18,8,7,145.0,16,145.0,1
1,6,12.142857142857142,6,12.166666666666666,18,6,6,119.0,7,126.0,0
1,6,14.5,4,13.75,38,6,6,130.0,15,130.0,0
1,6,15.433333333333332,6,15.433333333333332,19,7,7,126.3,7,135.0,0
1,6,15.5,6,13.833333333333334,39,6,6,113.5,6,133.1,0
1,11,11.363636363636363,12,11.833333333333334,37,12,14,120.0,15,120.0,0
0,0,0.0,0,0.0,32,8,7,111.3,8,120.0,0
0,0,0.0,0,0.0,18,6,1,130.2,0,147.0,0
1,6,12.166666666666666,6,11.166666666666666,20,6,6,113.9,6,124.0,0
1,6,12.428571428571429,6,14.666666666666666,23,6,6,99.0,8,133.1,0
1,6,14.166666666666666,6,13.714285714285714,18,6,6,138.9,6,141.0,0
1,5,11.444444444444445,5,12.8,19,5,5,130.0,10,131.0,0
1,5,11.8,4,13.25,20,6,6,120.8,11,118.0,0
0,6,13.78,6,13.78,19,8,8,127.8,10,129.0,1
1,7,15.11,7,15.11,19,8,8,126.0,8,136.0,0
1,5,11.2,4,11.0,18,6,6,126.0,8,134.0,0
1,7,15.798571428571426,7,15.798571428571426,20,8,8,138.5,8,153.0,0
1,8,15.599999999999998,7,13.775714285714288,20,8,7,119.4,8,119.0,0
1,7,12.16,7,12.16,24,8,8,101.5,11,140.0,0
0,0,0.0,0,0.0,24,7,7,101.5,0,133.1,0
1,6,15.5,6,14.333333333333334,20,6,6,126.2,6,130.0,0
1,7,14.2,7,14.2,18,8,8,129.3,8,146.0,0
1,5,13.2,5,12.2,21,5,5,113.1,5,119.0,0
1,5,13.666666666666666,4,13.0,18,6,6,144.3,9,160.0,0
1,7,12.485714285714286,7,12.485714285714286,19,8,8,141.0,8,144.0,0
1,6,16.285714285714285,6,17.0,22,6,6,130.0,7,130.0,0
1,6,10.166666666666666,5,10.8,19,6,6,117.5,9,122.0,0
1,6,14.716666666666669,6,14.716666666666669,18,7,7,131.8,7,153.0,0
1,6,11.666666666666666,6,12.333333333333334,34,6,6,135.5,6,133.0,0
1,6,13.875,6,15.307692307692308,19,10,12,112.4,13,118.0,0
1,6,12.666666666666666,6,12.666666666666666,18,7,7,130.8,7,137.0,0
1,8,14.44875,7,14.368,19,8,7,131.6,8,143.0,0
1,7,12.084285714285716,7,12.084285714285716,25,8,8,140.8,8,123.0,0
1,6,11.5,4,11.0,18,6,6,127.3,9,142.0,0
1,5,11.0,5,12.8,28,6,6,115.0,8,115.0,0
1,7,11.857142857142858,7,11.857142857142858,18,8,8,118.8,8,131.0,0
1,5,13.0,6,12.285714285714286,41,6,6,125.0,10,130.0,0
0,4,13.5,3,12.333333333333334,18,6,6,111.5,11,133.1,0
1,4,11.4,4,11.25,21,6,6,124.2,12,134.0,0
0,0,0.0,0,0.0,41,6,6,130.0,0,130.0,0
0,1,16.0,2,16.0,32,3,3,120.0,3,133.1,0
1,6,11.0,6,11.666666666666666,29,6,6,110.0,7,114.0,0
0,0,0.0,0,0.0,21,6,6,101.0,0,133.1,0
0,4,12.5625,4,12.0,39,7,7,120.9,13,133.1,0
1,12,13.417391304347827,12,13.417391304347827,21,14,14,146.5,26,139.0,1
1,6,14.857142857142858,6,15.166666666666666,18,6,6,160.1,7,159.0,0
1,5,12.5,5,13.833333333333334,34,6,6,150.0,13,140.0,0
1,4,14.8,5,13.333333333333334,18,5,5,135.8,7,140.0,0
0,3,10.666666666666666,3,11.666666666666666,18,6,6,116.8,11,121.0,0
1,6,13.428571428571429,5,15.0,19,6,6,113.9,9,124.0,0
0,2,12.5,1,13.0,19,5,5,150.2,7,160.0,0
1,7,12.05,6,13.075,19,8,7,115.1,10,120.0,0
1,6,13.666666666666666,6,13.5,18,6,6,131.3,9,140.0,0
1,6,12.333333333333334,5,11.8,23,6,6,120.0,8,120.0,0
0,3,11.0,6,12.166666666666666,33,6,6,100.0,9,133.1,0
1,6,11.0,6,12.166666666666666,19,6,6,110.7,9,111.0,0
0,0,0.0,0,0.0,21,0,0,143.4,0,140.0,0
1,8,13.2,7,13.557142857142855,18,8,7,115.9,9,125.0,0
1,6,13.5,6,14.333333333333334,19,6,6,140.9,6,136.0,0
1,4,11.75,4,10.5,20,6,6,108.4,8,115.0,0
0,0,0.0,0,0.0,20,4,4,114.3,8,116.0,0
1,8,15.0,7,14.093333333333332,20,8,7,116.5,8,124.0,0
1,6,13.166666666666666,6,13.333333333333334,21,6,6,155.0,8,163.0,0
1,7,12.071428571428571,7,12.071428571428571,19,8,8,129.3,12,137.0,0
1,6,12.5,6,12.666666666666666,18,6,6,121.7,6,128.0,0
1,7,13.2575,7,13.2,21,8,7,125.5,9,133.1,0
1,8,14.51125,7,14.15,18,8,7,131.9,8,148.0,0
0,0,0.0,0,0.0,28,5,6,107.7,10,110.0,0
0,3,11.4,5,12.2,36,7,7,115.5,14,133.1,0
1,5,14.0,5,14.8,20,5,5,139.8,6,145.0,0
1,5,11.4,5,11.0,19,6,6,133.2,13,136.0,0
1,6,13.0,5,11.833333333333334,28,6,6,134.5,6,150.0,0
1,5,11.8,4,11.75,20,5,5,110.6,7,112.0,1
1,8,12.0,12,12.333333333333334,28,12,14,154.0,20,154.0,0
0,6,11.833333333333334,3,11.666666666666666,24,10,10,160.0,24,160.0,0
1,4,13.5,6,11.285714285714286,18,6,6,127.7,9,141.0,0
0,0,0.0,2,11.5,22,5,5,117.5,12,122.0,0
1,4,12.25,6,11.666666666666666,18,6,6,127.0,10,120.0,0
1,7,13.514285714285714,7,13.514285714285714,21,8,8,125.5,8,139.0,0
1,6,13.714285714285714,6,13.0,19,6,6,140.5,9,138.0,0
1,7,12.744285714285716,7,12.744285714285716,20,8,8,120.8,8,129.0,0
1,5,11.8,4,11.75,20,5,5,95.0,8,133.1,0
1,6,11.666666666666666,6,12.166666666666666,19,6,6,122.2,7,125.0,0
1,6,12.375,5,13.4,20,6,6,127.2,9,137.0,0
0,4,11.5,5,11.8,20,6,6,120.2,10,123.0,0
1,6,13.533333333333331,6,13.533333333333331,19,7,7,134.8,7,154.0,0
1,4,14.0,6,14.166666666666666,18,6,6,142.6,10,144.0,0
1,8,14.755555555555556,7,14.652857142857142,18,8,7,147.9,9,153.0,0
0,0,0.0,0,0.0,19,0,0,160.4,0,152.0,0
1,5,13.0,5,13.6,20,5,5,134.6,7,150.0,0
1,4,13.25,6,12.833333333333334,22,6,6,121.0,6,129.0,0
1,6,15.166666666666666,6,14.666666666666666,18,6,6,142.7,6,150.0,0
1,6,14.666666666666666,6,13.333333333333334,19,6,6,115.6,6,125.0,0
1,5,11.4,5,13.4,20,6,6,130.0,9,133.1,0
1,8,15.6375,7,13.3125,19,8,7,124.3,8,140.0,0
0,0,0.0,0,0.0,18,0,0,137.9,0,140.0,0
0,0,0.0,0,0.0,20,5,4,100.0,5,133.1,0
1,6,13.5,6,12.333333333333334,19,6,6,128.2,6,132.0,0
1,6,11.833333333333334,5,13.0,18,6,6,121.0,7,135.0,0
0,0,0.0,2,12.5,22,5,5,147.0,5,133.1,0
1,6,16.0,6,17.0,18,6,6,149.5,11,168.0,0
1,6,13.0,6,13.5,20,6,6,144.4,6,143.0,0
1,6,11.833333333333334,6,12.714285714285714,19,6,6,116.0,6,116.0,0
1,8,13.927272727272726,6,13.0,19,8,7,120.7,11,134.0,0
1,6,13.5,6,12.571428571428571,21,6,6,141.8,6,140.0,0
0,6,11.5,4,11.5,19,6,6,119.7,11,133.0,0
1,6,13.285714285714286,6,13.5,19,6,6,118.4,7,125.0,0
0,0,0.0,1,12.0,28,5,5,128.2,5,133.1,5
1,8,14.7375,7,14.95,28,8,7,115.0,8,137.0,0
0,4,12.25,3,10.666666666666666,19,6,6,120.7,6,134.0,0
1,7,14.992857142857142,7,14.992857142857142,19,8,8,130.5,8,139.0,0
1,6,14.0,6,12.333333333333334,20,6,6,125.0,7,132.0,0
0,2,11.5,3,11.333333333333334,20,5,5,127.2,8,123.0,0
1,6,14.666666666666666,6,16.142857142857142,27,6,6,160.0,7,130.0,0
1,5,13.833333333333334,6,14.833333333333334,22,6,6,120.0,10,125.0,0
0,7,13.327142857142857,7,13.327142857142857,19,8,8,141.5,8,140.0,0
0,2,11.5,4,11.0,19,6,6,111.4,13,111.0,0
0,10,12.727272727272728,12,12.333333333333334,19,11,12,154.6,12,150.0,0
0,0,0.0,0,0.0,20,6,7,111.4,6,118.0,0
0,8,11.25,12,11.916666666666666,39,13,15,120.1,14,150.0,0
1,6,11.0,6,11.833333333333334,37,6,6,100.0,7,100.0,0
0,3,11.666666666666666,3,12.333333333333334,30,7,7,140.0,9,130.0,0
1,10,14.2,10,14.3,41,10,10,130.0,10,130.0,0
0,5,11.832,5,11.832,40,8,8,100.0,11,133.1,4
0,0,0.0,2,10.0,20,5,5,106.1,10,112.0,0
1,5,11.6,5,12.0,28,5,5,151.4,6,144.0,0
0,0,0.0,5,12.2,19,7,7,113.7,13,120.0,0
0,4,11.25,3,11.333333333333334,23,5,5,116.5,5,121.0,0
0,9,12.555555555555555,13,13.846153846153848,18,11,16,120.0,15,120.0,0
1,7,12.412857142857144,7,12.412857142857144,24,8,8,122.0,8,100.0,0
1,7,12.545714285714286,7,12.545714285714286,19,8,8,120.8,11,123.0,0
0,2,14.0,3,13.0,19,6,6,141.4,13,134.0,0
0,0,0.0,0,0.0,48,6,6,110.0,6,123.0,0
0,9,13.0,9,12.22222222222222,38,12,12,120.0,12,120.0,0
1,5,13.0,5,13.285714285714286,19,5,5,120.2,8,131.0,0
0,1,11.0,3,11.666666666666666,30,5,5,138.4,8,133.1,0
1,6,12.666666666666666,6,13.555555555555555,24,6,6,150.0,7,150.0,0
1,6,12.428571428571429,6,13.166666666666666,19,6,6,121.8,8,134.0,0
1,5,12.2,6,11.666666666666666,21,6,6,116.3,7,117.0,0
0,4,12.25,4,11.0,19,5,5,131.5,8,143.0,0
1,6,12.0,6,13.666666666666666,18,6,6,138.0,6,132.0,0
0,5,15.2,5,14.6,19,5,5,127.5,5,138.0,0
1,7,12.514285714285714,7,12.514285714285714,19,8,8,127.0,8,131.0,0
0,0,0.0,1,13.0,29,5,5,114.0,5,133.1,0
0,3,13.666666666666666,1,10.0,21,5,5,116.7,8,116.0,3
1,6,15.333333333333334,6,14.333333333333334,18,6,6,125.1,6,123.0,0
0,0,0.0,0,0.0,20,6,6,137.2,12,133.0,0
0,0,0.0,1,11.0,27,5,5,111.4,7,133.1,0
0,3,10.571428571428571,4,10.75,20,5,5,124.3,12,140.0,0
0,0,0.0,1,11.0,28,5,5,132.0,9,100.0,0
1,4,13.666666666666666,5,12.8,20,5,5,136.8,9,134.0,1
1,5,11.4,3,12.333333333333334,21,5,5,160.0,7,160.0,0
0,2,13.0,2,11.333333333333334,23,6,6,130.0,8,130.0,0
1,6,11.166666666666666,5,11.6,18,6,6,128.8,6,141.0,0
1,11,12.181818181818182,12,10.923076923076923,20,13,14,148.4,14,147.0,0
1,0,0.0,0,0.0,19,0,0,130.4,0,137.0,0
1,8,13.9125,7,13.62857142857143,32,8,7,126.0,8,130.0,0
0,1,11.0,3,10.333333333333334,20,6,6,118.7,16,119.0,0
1,12,13.75,18,13.736842105263158,32,13,18,120.0,15,130.0,1
1,7,12.142857142857142,4,11.5,21,9,7,116.3,10,120.0,0
1,6,13.0,5,14.0,19,6,6,133.9,8,130.0,0
0,0,0.0,3,11.333333333333334,24,5,5,150.3,6,150.0,0
0,1,10.0,1,10.0,18,5,5,118.3,5,120.0,0
1,5,12.0,5,11.714285714285714,20,6,6,130.0,15,130.0,0
0,0,0.0,0,0.0,25,0,0,140.0,0,140.0,0
0,12,11.833333333333334,13,10.76923076923077,25,14,15,110.4,15,130.0,0
0,6,12.0,5,11.6,18,6,6,139.7,6,147.0,0
0,0,0.0,4,13.75,19,5,5,138.3,5,148.0,0
0,5,10.5,4,11.0,18,5,5,123.2,9,133.0,0
0,0,0.0,0,0.0,25,5,5,120.0,5,135.0,0
0,0,0.0,0,0.0,38,0,0,127.0,0,116.0,0
0,0,0.0,0,0.0,19,0,0,114.2,0,110.0,0
1,5,13.2,6,12.333333333333334,19,6,6,119.7,10,133.0,0
1,6,13.625,6,13.428571428571429,22,6,6,150.0,12,150.0,0
0,2,15.0,4,14.75,32,5,5,130.0,9,130.0,0
1,19,12.210526315789474,21,12.476190476190476,37,19,21,124.6,19,130.0,0
0,0,0.0,0,0.0,21,5,5,119.4,5,132.0,0
0,2,12.5,3,11.666666666666666,18,6,6,121.9,14,125.0,0
1,6,13.571428571428571,6,12.0,19,6,6,110.0,7,118.0,0
1,6,14.0,6,12.0,19,6,6,118.7,6,118.0,0
1,11,15.0,12,15.25,19,11,12,163.1,12,161.0,0
1,6,13.166666666666666,5,12.4,19,6,6,121.7,6,136.0,0
0,4,11.75,5,12.2,19,6,6,118.1,6,124.0,0
0,0,0.0,2,10.5,28,5,5,105.3,6,133.1,0
1,7,14.4,7,14.4,19,8,8,139.8,8,141.0,0
1,10,12.8,13,12.846153846153848,32,11,14,130.0,19,130.0,0
0,5,13.2,4,12.0,26,6,6,127.5,7,110.0,0
0,0,0.0,0,0.0,25,5,5,120.0,0,133.1,0
0,5,13.5,6,13.666666666666666,31,6,7,124.2,8,130.0,0
1,6,11.666666666666666,5,11.857142857142858,20,6,6,113.4,8,120.0,0
0,0,0.0,0,0.0,19,6,6,118.0,0,133.1,0
0,0,0.0,0,0.0,23,0,0,130.0,0,145.0,0
1,6,11.333333333333334,5,13.2,18,6,6,135.9,6,131.0,0
0,5,11.0,6,12.714285714285714,19,6,6,135.8,12,147.0,0
1,6,12.666666666666666,6,12.5,18,6,6,133.1,6,138.0,0
1,4,13.25,5,13.0,24,5,5,114.5,9,125.0,0
1,12,13.291666666666666,12,13.291666666666666,25,14,14,130.0,14,100.0,1
1,4,11.5,3,11.666666666666666,20,5,5,116.1,11,120.0,1
1,7,14.24,7,14.24,18,8,8,130.5,8,145.0,0
0,3,11.333333333333334,3,13.0,24,5,5,104.0,11,120.0,0
0,5,13.2,5,11.833333333333334,21,6,6,126.0,10,134.0,0
1,6,13.333333333333334,6,12.833333333333334,18,6,6,141.1,6,140.0,0
0,0,0.0,1,10.0,20,6,6,102.8,12,107.0,0
0,2,10.0,2,11.0,19,5,5,129.2,12,133.0,0
1,8,13.6625,7,14.105714285714289,20,8,7,119.3,8,127.0,0
1,7,12.471428571428572,7,12.471428571428572,20,8,8,126.3,12,141.0,0
1,5,11.857142857142858,6,11.833333333333334,20,6,6,140.0,17,140.0,0
1,6,12.833333333333334,6,12.5,20,6,6,131.5,6,150.0,0
0,6,12.333333333333334,6,11.666666666666666,18,6,6,137.6,7,140.0,0
1,0,0.0,0,0.0,18,0,0,142.8,0,141.0,0
1,5,14.285714285714286,5,16.166666666666668,18,5,5,162.1,9,160.0,1
0,0,0.0,3,12.666666666666666,35,6,6,140.0,7,133.1,0
0,3,12.333333333333334,2,10.5,31,6,6,120.0,6,133.1,0
0,1,11.0,2,11.5,19,6,6,133.3,13,134.0,0
1,5,13.4,6,13.0,19,6,6,124.8,8,130.0,0
1,6,11.966666666666669,6,11.966666666666669,19,7,7,133.3,7,140.0,0
1,8,13.3475,8,13.3475,19,8,8,141.8,8,145.0,0
1,4,12.5,5,12.0,21,5,5,128.2,7,133.0,0
0,0,0.0,2,10.5,18,6,6,115.0,13,133.1,0
1,0,0.0,0,0.0,19,0,0,120.2,0,117.0,0
1,4,14.0,6,13.571428571428571,18,6,6,127.0,11,127.0,0
1,6,12.0,6,14.7,18,6,6,120.4,10,134.0,0
0,0,0.0,0,0.0,25,5,5,120.0,5,120.0,0
1,0,0.0,0,0.0,19,0,0,133.9,0,137.0,0
1,8,14.925,7,13.175714285714289,18,8,7,113.5,8,118.0,0
0,0,0.0,0,0.0,24,6,6,126.1,10,130.0,0
1,7,13.742857142857144,7,13.742857142857144,29,8,8,150.0,11,150.0,0
0,0,0.0,0,0.0,27,5,5,100.0,5,161.0,0
1,7,12.11875,7,12.217142857142855,18,8,7,127.3,11,143.0,0
0,12,11.333333333333334,14,11.071428571428571,28,14,15,103.8,16,130.0,1
1,8,13.25,7,13.428571428571429,32,8,7,131.0,8,133.1,0
0,5,13.666666666666666,5,11.4,30,5,5,133.9,6,110.0,0
0,4,11.325,4,11.325,29,8,8,140.0,14,140.0,1
1,7,15.0,7,15.0,19,8,8,122.0,8,131.0,0
1,6,15.625,6,13.166666666666666,29,6,6,150.5,8,141.0,0
0,4,10.5,2,11.0,27,6,6,139.4,14,145.0,0
0,0,0.0,0,0.0,19,6,6,112.6,0,122.0,0
0,2,12.5,3,12.333333333333334,21,5,5,115.2,5,118.0,0
0,5,10.166666666666666,4,12.25,29,5,5,131.8,6,150.0,0
0,12,12.5,13,11.923076923076923,42,12,13,122.8,12,120.0,0
1,6,14.142857142857142,6,14.333333333333334,18,6,6,156.2,7,167.0,0
1,5,13.0,5,12.0,24,5,5,132.0,5,150.0,0
1,3,10.666666666666666,3,12.333333333333334,27,5,5,146.2,10,120.0,0
1,8,14.88875,8,14.88875,18,8,8,166.0,8,168.0,0
0,5,12.4,6,12.166666666666666,19,6,6,133.1,8,153.0,0
1,6,13.333333333333334,6,12.666666666666666,18,6,6,121.9,6,131.0,0
1,4,12.25,4,13.0,26,5,5,121.4,10,160.0,2
1,6,14.333333333333334,6,13.875,22,6,6,137.0,6,152.0,0
0,3,13.333333333333334,4,10.75,37,5,5,140.0,12,133.1,0
0,0,0.0,3,14.666666666666666,24,5,5,140.0,5,150.0,0
1,7,11.2625,6,12.4125,19,8,7,124.8,12,137.0,0
0,2,10.5,1,11.0,28,6,6,120.0,9,133.1,0
1,7,14.314285714285717,7,14.314285714285717,18,8,8,133.0,8,160.0,0
1,6,13.285714285714286,6,12.833333333333334,18,6,6,131.7,7,138.0,0
0,6,11.666666666666666,5,11.4,47,6,6,133.0,10,100.0,0
1,5,14.333333333333334,5,14.6,38,5,5,122.7,6,140.0,0
1,5,12.5,6,13.5,20,6,6,121.2,9,124.0,0
0,3,13.333333333333334,6,12.5,21,6,6,150.0,11,150.0,0
1,5,11.6,5,11.8,18,5,5,129.3,8,137.0,0
0,3,11.083333333333334,3,12.333333333333334,46,7,7,117.8,12,133.1,0
1,12,12.625,12,12.625,23,14,14,131.3,15,136.0,1
1,6,13.5,6,13.833333333333334,20,6,6,133.8,6,132.0,0
1,7,13.142857142857142,6,12.5,20,9,7,120.0,10,120.0,1
1,5,12.666666666666666,5,13.6,19,6,6,122.2,8,125.0,0
0,2,11.0,6,12.0,18,6,6,119.0,6,120.0,0
0,1,13.5,7,14.9125,30,8,7,149.5,9,154.0,0
1,5,12.0,5,13.8,20,5,5,153.8,6,180.0,0
1,6,13.0,6,11.666666666666666,22,6,6,152.0,6,152.0,0
